'PR7509','Project Happy','Government','PMT4719                                           ','2025-12-05'
'PR8078','Project Off','Government','PMT4944                                           ','2025-09-20'
'PR9973','Project Central','University','PMT5400                                           ','2025-03-18'
'PR8865','Project Perhaps','Government','PMT9731                                           ','2025-11-03'
'PR8235','Project Majority','Private','PMT2568                                           ','2025-08-24'
'PR2658','Project Attorney','University','PMT8666                                           ','2025-08-20'
'PR5905','Project Simple','Private','PMT4079                                           ','2026-02-05'
'PR3991','Project Environmental','Grant','PMT7589                                           ','2025-07-08'
'PR3061','Project Ten','Private','PMT8968                                           ','2026-02-19'
'PR9095','Project Ten','Grant','PMT7590                                           ','2025-08-21'
'PR3121','Project Beyond','Grant','PMT8512                                           ','2026-01-21'
'PR9406','Project Physical','University','PMT3225                                           ','2025-09-02'
'PR2333','Project Some','Government','PMT9639                                           ','2025-08-23'
'PR9376','Project Animal','Government','PMT8055                                           ','2025-07-21'
'PR7339','Project No','University','PMT4912                                           ','2025-10-11'
'PR9357','Project Research','Grant','PMT6333                                           ','2026-01-27'
'PR7584','Project Detail','Government','PMT1911                                           ','2025-04-09'
'PR6454','Project Imagine','Private','PMT2466                                           ','2025-07-24'
'PR2146','Project Tough','University','PMT8324                                           ','2025-05-18'
'PR3869','Project Give','Government','PMT4947                                           ','2025-12-07'
'PR3095','Project Participant','Private','PMT3773                                           ','2025-08-25'
'PR7683','Project But','Grant','PMT6840                                           ','2025-03-18'
'PR6188','Project Appear','University','PMT3603                                           ','2025-03-17'
'PR5495','Project Tax','Government','PMT3749                                           ','2025-09-21'
'PR8955','Project Theory','Grant','PMT3138                                           ','2025-07-09'
'PR3090','Project Throughout','University','PMT7255                                           ','2025-08-24'
'PR1681','Project Worry','University','PMT4969                                           ','2025-04-05'
'PR2428','Project Occur','University','PMT5046                                           ','2025-12-20'
'PR2498','Project Sure','University','PMT6910                                           ','2025-09-05'
'PR5932','Project Enjoy','Government','PMT3270                                           ','2025-06-22'
'PR9945','Project Shoulder','Private','PMT4114                                           ','2025-04-28'
'PR1389','Project Tough','Grant','PMT7630                                           ','2025-10-31'
'PR9547','Project Goal','University','PMT3078                                           ','2025-09-27'
'PR1596','Project Late','Government','PMT7741                                           ','2025-11-18'
'PR8754','Project Land','Grant','PMT1569                                           ','2025-05-27'
'PR8289','Project Radio','University','PMT3972                                           ','2026-01-13'
'PR6209','Project Official','University','PMT1533                                           ','2025-05-06'
'PR9479','Project Threat','Private','PMT9400                                           ','2025-09-01'
'PR7662','Project Time','Grant','PMT2902                                           ','2026-01-14'
'PR1309','Project Clear','University','PMT1755                                           ','2025-06-26'
'PR5272','Project Follow','University','PMT2043                                           ','2025-10-12'
'PR8590','Project Across','Grant','PMT8548                                           ','2025-04-29'
'PR9219','Project Middle','Government','PMT7785                                           ','2025-07-01'
'PR3173','Project Including','Government','PMT4652                                           ','2025-04-09'
'PR9538','Project Talk','Private','PMT8173                                           ','2026-02-15'
'PR5005','Project Half','University','PMT5861                                           ','2025-04-17'
'PR2607','Project Learn','Private','PMT1619                                           ','2025-04-22'
'PR1355','Project Tough','Government','PMT2211                                           ','2025-05-22'
'PR8337','Project Public','Private','PMT6891                                           ','2025-05-21'
'PR8571','Project So','Grant','PMT7789                                           ','2026-01-03'
'PR8962','Project Few','Private','PMT9201                                           ','2025-09-07'
'PR4597','Project So','University','PMT2802                                           ','2026-01-18'
'PR3860','Project Bill','University','PMT1852                                           ','2026-01-23'
'PR2157','Project Half','Private','PMT9834                                           ','2025-03-09'
'PR4403','Project Set','Grant','PMT5272                                           ','2025-05-02'
'PR4851','Project Near','University','PMT7874                                           ','2025-08-25'
'PR7947','Project Enough','Government','PMT7273                                           ','2025-11-02'
'PR4954','Project Heavy','Private','PMT2578                                           ','2026-02-01'
'PR8536','Project Value','University','PMT6648                                           ','2025-11-15'
'PR6787','Project Senior','University','PMT9447                                           ','2025-09-27'
'PR9481','Project Happy','Government','PMT9137                                           ','2025-02-24'
'PR8507','Project Education','University','PMT2336                                           ','2025-11-25'
'PR8496','Project Billion','University','PMT1684                                           ','2025-03-12'
'PR3084','Project Situation','Government','PMT8136                                           ','2026-02-06'
'PR4058','Project Lose','Grant','PMT7315                                           ','2025-12-06'
'PR8416','Project Moment','Private','PMT4218                                           ','2026-02-08'
'PR2430','Project Live','University','PMT9172                                           ','2025-07-17'
'PR2876','Project We','Grant','PMT6956                                           ','2025-12-05'
'PR9923','Project Political','Grant','PMT5629                                           ','2026-02-02'
'PR1106','Project A','Government','PMT3015                                           ','2026-01-31'
'PR2897','Project Reality','Government','PMT4598                                           ','2025-09-30'
'PR6495','Project Watch','Grant','PMT3520                                           ','2025-04-25'
'PR5264','Project Drug','Grant','PMT2557                                           ','2026-02-01'
'PR9631','Project Everyone','Grant','PMT7182                                           ','2025-03-04'
'PR8516','Project Throughout','University','PMT2201                                           ','2025-10-02'
'PR3485','Project Item','Grant','PMT4678                                           ','2025-05-28'
'PR2559','Project Action','Government','PMT5735                                           ','2025-06-04'
'PR6315','Project Friend','Grant','PMT9336                                           ','2025-08-24'
'PR1973','Project Understand','Private','PMT8964                                           ','2025-03-27'
'PR5953','Project Animal','Private','PMT5825                                           ','2025-06-01'
'PR7448','Project Work','Private','PMT1145                                           ','2025-08-15'
'PR1317','Project Should','Private','PMT4987                                           ','2026-01-02'
'PR7938','Project Old','Private','PMT4538                                           ','2025-09-08'
'PR6606','Project Into','Grant','PMT1892                                           ','2025-10-06'
'PR1376','Project Spring','Government','PMT3757                                           ','2025-10-15'
'PR7356','Project Act','Grant','PMT1758                                           ','2025-04-09'
'PR6601','Project Stock','Grant','PMT8819                                           ','2025-06-21'
'PR1587','Project Mr','Government','PMT9176                                           ','2025-03-19'
'PR3023','Project Might','Grant','PMT8709                                           ','2025-09-09'
'PR8305','Project Real','University','PMT4135                                           ','2025-09-06'
'PR9356','Project Shake','University','PMT2363                                           ','2025-11-18'
'PR1790','Project Night','Grant','PMT5968                                           ','2026-01-09'
'PR8497','Project Clear','Private','PMT6196                                           ','2025-04-16'
'PR5176','Project Career','Private','PMT6350                                           ','2025-05-25'
'PR5490','Project Lay','University','PMT8046                                           ','2025-07-18'
'PR5597','Project Machine','Private','PMT7457                                           ','2025-12-19'
'PR4613','Project Identify','University','PMT7908                                           ','2025-11-01'
'PR9520','Project Institution','Grant','PMT1772                                           ','2025-12-02'
'PR8076','Project Early','Grant','PMT5496                                           ','2025-11-07'
'PR8525','Project Floor','Grant','PMT7349                                           ','2025-08-31'
'PR7415','Project Office','Private','PMT7034                                           ','2026-01-22'
'PR8991','Project Young','Private','PMT5286                                           ','2025-05-28'
'PR4547','Project Plant','Private','PMT2163                                           ','2025-05-11'
'PR7688','Project Until','Government','PMT1170                                           ','2025-11-18'
'PR6487','Project Study','Private','PMT7453                                           ','2025-02-24'
'PR5590','Project Set','Government','PMT9971                                           ','2025-03-04'
'PR1955','Project City','Private','PMT2853                                           ','2026-01-13'
'PR3837','Project Road','Private','PMT5125                                           ','2025-07-05'
'PR1067','Project Month','University','PMT3600                                           ','2025-04-02'
'PR9264','Project Art','University','PMT8425                                           ','2026-01-29'
'PR2706','Project Drop','Private','PMT7887                                           ','2025-07-28'
'PR1073','Project Around','Government','PMT9219                                           ','2026-01-01'
'PR2535','Project Beyond','Private','PMT5316                                           ','2025-03-29'
'PR3024','Project Support','Government','PMT6286                                           ','2025-11-02'
'PR3647','Project All','University','PMT8232                                           ','2025-04-05'
'PR9689','Project Control','Grant','PMT9126                                           ','2025-07-04'
'PR2671','Project Entire','Government','PMT5441                                           ','2025-12-03'
'PR6391','Project However','Grant','PMT2576                                           ','2025-03-08'
'PR4384','Project Customer','University','PMT9750                                           ','2025-07-17'
'PR3011','Project Not','Grant','PMT6836                                           ','2025-12-09'
'PR7138','Project Public','Private','PMT5850                                           ','2025-09-01'
'PR6520','Project Human','Grant','PMT2259                                           ','2025-12-13'
'PR8708','Project Protect','University','PMT5122                                           ','2025-05-13'
'PR6066','Project Common','Government','PMT1912                                           ','2026-01-07'
'PR1699','Project Population','Government','PMT8446                                           ','2025-12-02'
'PR7803','Project Member','Government','PMT6382                                           ','2025-11-28'
'PR1768','Project Though','Private','PMT6776                                           ','2025-05-08'
'PR1895','Project Doctor','University','PMT4647                                           ','2025-05-04'
'PR6669','Project Mean','University','PMT6825                                           ','2025-09-13'
'PR1082','Project Fill','Private','PMT2634                                           ','2025-07-24'
'PR6170','Project Necessary','Government','PMT8931                                           ','2025-12-07'
'PR6081','Project Follow','Government','PMT4923                                           ','2025-09-09'
'PR9060','Project Require','Government','PMT4285                                           ','2025-07-14'
'PR3031','Project Page','University','PMT5757                                           ','2025-10-11'
'PR8995','Project Business','Government','PMT2651                                           ','2025-04-15'
'PR9029','Project Movie','Private','PMT7395                                           ','2025-11-14'
'PR4297','Project For','Private','PMT1693                                           ','2025-05-26'
'PR9753','Project American','Private','PMT4882                                           ','2025-04-05'
'PR7671','Project Walk','Government','PMT7046                                           ','2025-11-23'
'PR9609','Project Main','University','PMT6843                                           ','2025-07-04'
'PR7764','Project Turn','Private','PMT4036                                           ','2025-09-21'
'PR4430','Project Law','Government','PMT7466                                           ','2026-01-01'
'PR1828','Project Guy','Grant','PMT5042                                           ','2025-10-15'
'PR7610','Project Range','Grant','PMT8111                                           ','2025-11-18'
'PR7770','Project Off','University','PMT7145                                           ','2025-12-03'
'PR9819','Project Leave','Private','PMT8577                                           ','2025-02-20'
'PR9513','Project Life','Government','PMT5054                                           ','2025-06-23'
'PR5977','Project So','Private','PMT1240                                           ','2025-08-23'
'PR5215','Project Simply','Grant','PMT2788                                           ','2025-12-11'
'PR5645','Project Instead','Private','PMT1326                                           ','2026-02-09'
'PR2963','Project Economy','University','PMT4058                                           ','2025-04-27'
'PR2179','Project Big','Government','PMT7942                                           ','2026-01-27'
'PR2491','Project Enter','Grant','PMT1481                                           ','2025-07-22'
'PR5365','Project Forget','Government','PMT5032                                           ','2025-04-04'
'PR3363','Project Difference','Government','PMT3841                                           ','2025-10-24'
'PR2609','Project Front','Private','PMT1141                                           ','2025-11-23'
'PR2761','Project Soldier','Private','PMT2708                                           ','2025-03-27'
'PR2750','Project Account','Government','PMT9393                                           ','2025-03-03'
'PR6431','Project Tv','Private','PMT3664                                           ','2025-03-13'
'PR2681','Project Various','University','PMT1203                                           ','2025-08-16'
'PR1055','Project Office','University','PMT7789                                           ','2025-04-28'
'PR6415','Project Around','Private','PMT6029                                           ','2025-07-23'
'PR4126','Project Station','Private','PMT1542                                           ','2025-05-01'
'PR9151','Project Political','Grant','PMT3054                                           ','2025-08-30'
'PR2073','Project Half','University','PMT9865                                           ','2025-04-29'
'PR9610','Project Control','Grant','PMT2728                                           ','2025-04-07'
'PR1262','Project Position','Private','PMT1070                                           ','2025-06-06'
'PR7750','Project That','Private','PMT1960                                           ','2025-06-25'
'PR7673','Project Thought','University','PMT7540                                           ','2025-11-03'
'PR8093','Project Grow','Grant','PMT2852                                           ','2025-09-02'
'PR6011','Project Decade','Government','PMT8135                                           ','2025-06-29'
'PR5407','Project Positive','Grant','PMT2529                                           ','2025-12-12'
'PR2119','Project Test','University','PMT2375                                           ','2025-03-07'
'PR8736','Project Nation','Private','PMT3342                                           ','2025-07-22'
'PR6346','Project Art','Private','PMT9876                                           ','2025-08-20'
'PR9611','Project Area','Private','PMT2245                                           ','2025-10-28'
'PR6223','Project Likely','Grant','PMT9042                                           ','2025-12-07'
'PR1779','Project Follow','Government','PMT1213                                           ','2025-10-09'
'PR9412','Project Newspaper','Private','PMT3672                                           ','2025-12-11'
'PR3327','Project Region','Grant','PMT6600                                           ','2025-04-14'
'PR7681','Project Provide','Private','PMT7980                                           ','2025-04-21'
'PR6661','Project Power','University','PMT2883                                           ','2025-03-26'
'PR4002','Project Response','University','PMT9433                                           ','2026-01-20'
'PR4046','Project Machine','Government','PMT5992                                           ','2025-07-29'
'PR3039','Project Happy','Grant','PMT5077                                           ','2025-11-15'
'PR6322','Project Available','Private','PMT2416                                           ','2025-08-31'
'PR4471','Project Hot','Private','PMT1873                                           ','2025-06-06'
'PR5517','Project Mouth','University','PMT3513                                           ','2025-09-21'
'PR8462','Project Heavy','University','PMT3949                                           ','2025-09-20'
'PR9009','Project Position','Private','PMT6877                                           ','2025-07-30'
'PR5545','Project Base','Private','PMT8011                                           ','2025-04-07'
'PR9353','Project West','Private','PMT8870                                           ','2025-10-16'
'PR4411','Project Cut','University','PMT9865                                           ','2026-02-11'
'PR8172','Project Real','Grant','PMT6370                                           ','2026-02-10'
'PR6327','Project Involve','Private','PMT4947                                           ','2025-09-27'
'PR6924','Project Avoid','Government','PMT5606                                           ','2025-06-25'
'PR4686','Project Will','Private','PMT4243                                           ','2025-08-29'
'PR5609','Project Manager','Government','PMT7081                                           ','2025-03-15'
'PR2745','Project Long','University','PMT2956                                           ','2025-04-24'
'PR6403','Project Deal','Private','PMT5293                                           ','2025-05-08'
'PR9890','Project Source','Private','PMT4109                                           ','2025-08-28'
'PR7488','Project Beyond','Private','PMT4954                                           ','2025-08-20'
'PR8721','Project Growth','Grant','PMT8219                                           ','2026-02-09'
'PR4454','Project Not','Grant','PMT6217                                           ','2025-10-16'
'PR4894','Project Cold','Grant','PMT1171                                           ','2025-12-27'
'PR1883','Project Concern','University','PMT5102                                           ','2026-02-10'
'PR5355','Project Summer','Grant','PMT2550                                           ','2026-02-03'
'PR4423','Project People','Government','PMT4131                                           ','2025-11-15'
'PR9215','Project Time','Grant','PMT6129                                           ','2025-12-19'
'PR2309','Project Anyone','University','PMT8848                                           ','2025-02-21'
'PR8937','Project Take','Grant','PMT9943                                           ','2025-11-13'
'PR2252','Project Lead','Government','PMT2260                                           ','2025-11-14'
'PR2344','Project Program','Government','PMT3689                                           ','2026-01-10'
'PR9026','Project Force','Private','PMT1361                                           ','2025-09-04'
'PR1611','Project Same','University','PMT4678                                           ','2025-12-20'
'PR5098','Project Level','Grant','PMT8172                                           ','2025-04-11'
'PR1964','Project Fill','Grant','PMT4699                                           ','2025-11-18'
'PR4707','Project Somebody','Government','PMT2346                                           ','2025-12-27'
'PR3562','Project Case','Grant','PMT7330                                           ','2025-06-08'
'PR1494','Project Water','Government','PMT9971                                           ','2025-05-05'
'PR5791','Project Model','Private','PMT4929                                           ','2025-08-22'
'PR8126','Project Open','University','PMT4931                                           ','2025-10-22'
'PR7120','Project Seek','Government','PMT9590                                           ','2026-01-11'
'PR3427','Project Red','Grant','PMT6283                                           ','2025-06-22'
'PR9862','Project Human','Private','PMT1082                                           ','2025-02-24'
'PR9932','Project Else','University','PMT2048                                           ','2025-06-15'
'PR3314','Project Place','Government','PMT7348                                           ','2025-12-26'
'PR3007','Project Safe','Private','PMT3050                                           ','2025-09-29'
'PR2422','Project Assume','University','PMT6269                                           ','2025-04-27'
'PR5261','Project Leader','Private','PMT9617                                           ','2025-04-07'
'PR1675','Project Win','Government','PMT2105                                           ','2025-06-03'
'PR6583','Project Least','University','PMT9238                                           ','2025-06-13'
'PR8984','Project Stuff','Government','PMT4652                                           ','2025-09-10'
'PR6426','Project Nothing','University','PMT1290                                           ','2025-04-26'
'PR3499','Project Old','Government','PMT6160                                           ','2025-06-25'
'PR5675','Project Cut','Grant','PMT3031                                           ','2025-03-09'
'PR4094','Project Before','Private','PMT1250                                           ','2025-08-18'
'PR4918','Project Born','University','PMT6109                                           ','2025-10-26'
'PR1702','Project Case','Grant','PMT9970                                           ','2025-11-12'
'PR5566','Project Understand','Grant','PMT3368                                           ','2026-02-07'
'PR8562','Project Old','Grant','PMT4386                                           ','2025-11-21'
'PR9345','Project Alone','University','PMT2457                                           ','2026-02-05'
'PR4932','Project Pick','Private','PMT8907                                           ','2026-02-10'
'PR7244','Project Clear','Government','PMT2661                                           ','2025-10-07'
'PR6388','Project Crime','Grant','PMT5515                                           ','2025-05-09'
'PR9729','Project Morning','Grant','PMT8259                                           ','2026-02-19'
'PR1979','Project Participant','Government','PMT4012                                           ','2025-12-01'
'PR5903','Project Red','Private','PMT9593                                           ','2025-06-30'
'PR3251','Project Cold','Government','PMT7919                                           ','2025-05-21'
'PR6083','Project Price','Private','PMT4694                                           ','2025-11-17'
'PR4338','Project Turn','Government','PMT3748                                           ','2025-05-09'
'PR7712','Project But','Private','PMT2584                                           ','2025-03-16'
'PR2707','Project To','Grant','PMT4959                                           ','2025-05-04'
'PR4947','Project However','University','PMT8871                                           ','2025-05-10'
'PR2452','Project Myself','Grant','PMT4249                                           ','2025-06-23'
'PR1857','Project Social','Government','PMT4108                                           ','2025-09-17'
'PR2366','Project War','Private','PMT1854                                           ','2025-03-11'
'PR6129','Project Any','University','PMT4576                                           ','2025-10-24'
'PR5210','Project Carry','University','PMT8588                                           ','2025-07-29'
'PR4787','Project If','University','PMT5505                                           ','2025-06-22'
'PR3494','Project News','Government','PMT5276                                           ','2025-09-25'
'PR8066','Project Him','University','PMT3493                                           ','2025-12-27'
'PR6501','Project Growth','Government','PMT7476                                           ','2025-04-08'
'PR9933','Project South','University','PMT3646                                           ','2025-08-05'
'PR3453','Project Can','Government','PMT6915                                           ','2025-10-20'
'PR8784','Project Know','Government','PMT7443                                           ','2025-03-10'
'PR4146','Project Away','Grant','PMT1909                                           ','2025-10-14'
'PR7319','Project Middle','Private','PMT9086                                           ','2025-12-28'
'PR1898','Project Woman','Private','PMT9839                                           ','2025-09-27'
'PR3060','Project Relationship','Private','PMT3573                                           ','2026-01-14'
'PR9948','Project Tend','Government','PMT5093                                           ','2026-01-30'
'PR3099','Project Fact','University','PMT3425                                           ','2025-11-01'
'PR3512','Project Strong','University','PMT2018                                           ','2025-10-15'
'PR5151','Project Could','Grant','PMT7108                                           ','2025-10-06'
'PR3366','Project Number','Government','PMT2548                                           ','2025-08-31'
'PR6146','Project Help','University','PMT3758                                           ','2025-12-07'
'PR7884','Project There','Grant','PMT5166                                           ','2025-06-28'
'PR7263','Project Police','Government','PMT5627                                           ','2025-06-16'
'PR8173','Project Avoid','Government','PMT7448                                           ','2025-05-04'
'PR7110','Project I','Government','PMT1617                                           ','2025-07-08'
'PR9032','Project Firm','Private','PMT2546                                           ','2025-03-29'
'PR4177','Project Sort','Private','PMT6653                                           ','2026-02-02'
'PR2485','Project Again','Government','PMT2163                                           ','2026-01-02'
'PR3842','Project Arrive','University','PMT7604                                           ','2025-12-04'
'PR9678','Project Nor','Government','PMT9696                                           ','2025-12-02'
'PR1036','Project Modern','Private','PMT8916                                           ','2025-07-26'
'PR7937','Project Model','Private','PMT1545                                           ','2025-12-15'
'PR7145','Project Imagine','Grant','PMT6343                                           ','2025-12-05'
'PR6552','Project Style','Government','PMT1939                                           ','2025-10-07'
'PR2791','Project Might','University','PMT8732                                           ','2026-02-17'
'PR8957','Project Positive','Government','PMT3565                                           ','2025-09-21'
'PR8388','Project The','Grant','PMT1799                                           ','2025-06-05'
'PR1709','Project Like','Grant','PMT8392                                           ','2025-06-27'
'PR3316','Project Level','Government','PMT9688                                           ','2025-12-26'
'PR1021','Project Short','Private','PMT4528                                           ','2025-05-18'
'PR8378','Project Lay','Grant','PMT6252                                           ','2025-02-21'
'PR7885','Project Early','Private','PMT7728                                           ','2025-12-07'
'PR5507','Project Executive','Government','PMT5872                                           ','2025-06-23'
'PR4860','Project Turn','Government','PMT3283                                           ','2026-02-06'
'PR9076','Project Yard','Grant','PMT8285                                           ','2025-08-01'
'PR6156','Project Office','University','PMT5639                                           ','2025-02-22'
'PR8015','Project Defense','Private','PMT2709                                           ','2025-06-03'
'PR9224','Project Memory','Government','PMT3191                                           ','2025-12-21'
'PR3154','Project How','Grant','PMT3094                                           ','2025-06-24'
'PR6538','Project Pretty','Government','PMT9722                                           ','2025-07-17'
'PR7208','Project Itself','Private','PMT5543                                           ','2025-11-15'
'PR8000','Project Response','University','PMT5192                                           ','2025-11-01'
'PR4224','Project Wrong','Grant','PMT8943                                           ','2025-04-16'
'PR3856','Project Child','Grant','PMT5979                                           ','2025-11-27'
'PR1584','Project West','University','PMT6133                                           ','2025-05-14'
'PR3219','Project Option','Government','PMT3508                                           ','2025-12-01'
'PR4268','Project Spring','University','PMT2991                                           ','2025-11-13'
'PR7245','Project Positive','Grant','PMT2880                                           ','2025-08-09'
'PR2549','Project Than','Private','PMT8133                                           ','2025-06-13'
'PR6189','Project Add','Government','PMT2189                                           ','2026-01-03'
'PR8132','Project Night','Private','PMT4654                                           ','2025-04-21'
'PR7736','Project Significant','Private','PMT6958                                           ','2026-01-22'
'PR3233','Project Security','Government','PMT8648                                           ','2025-11-17'
'PR2355','Project Rule','Government','PMT6819                                           ','2025-06-08'
'PR9120','Project Help','Private','PMT9842                                           ','2025-07-23'
'PR2659','Project Manager','Grant','PMT7152                                           ','2025-10-24'
'PR7892','Project Participant','Grant','PMT7750                                           ','2026-01-17'
'PR6179','Project Before','University','PMT7832                                           ','2026-01-27'
'PR4039','Project Sure','University','PMT4919                                           ','2025-11-01'
'PR5686','Project Whether','University','PMT9708                                           ','2025-03-02'
'PR8203','Project Company','Grant','PMT5038                                           ','2025-02-22'
'PR7864','Project All','Government','PMT7105                                           ','2025-11-07'
'PR7087','Project Assume','Private','PMT8317                                           ','2025-07-23'
'PR6446','Project Risk','University','PMT7004                                           ','2025-06-18'
'PR2511','Project Community','Private','PMT3561                                           ','2025-06-27'
'PR3153','Project Present','University','PMT4322                                           ','2025-08-03'
'PR3086','Project Ahead','Grant','PMT8768                                           ','2025-10-09'
'PR8531','Project Character','Grant','PMT8101                                           ','2025-10-24'
'PR2966','Project You','Government','PMT7587                                           ','2025-10-08'
'PR1149','Project Standard','Grant','PMT5222                                           ','2025-09-10'
'PR8189','Project Such','Government','PMT5306                                           ','2025-05-30'
'PR1962','Project Carry','Private','PMT5964                                           ','2025-12-24'
'PR1758','Project Like','University','PMT7263                                           ','2025-08-06'
'PR4192','Project Positive','Government','PMT3429                                           ','2025-05-02'
'PR6805','Project Speak','Grant','PMT6012                                           ','2025-10-16'
'PR2123','Project Picture','University','PMT4129                                           ','2025-11-09'
'PR5267','Project Race','Grant','PMT4426                                           ','2026-02-13'
'PR2936','Project War','Private','PMT9450                                           ','2025-12-06'
'PR6926','Project So','University','PMT6068                                           ','2025-03-07'
'PR5417','Project Stage','Private','PMT8816                                           ','2025-10-11'
'PR4621','Project Serious','University','PMT4499                                           ','2025-03-21'
'PR9304','Project Everyone','Grant','PMT6017                                           ','2025-09-06'
'PR9588','Project Raise','Government','PMT5709                                           ','2025-11-21'
'PR6939','Project Several','Private','PMT8204                                           ','2026-02-11'
'PR6052','Project State','Grant','PMT4905                                           ','2026-01-14'
'PR5036','Project Discover','Grant','PMT9162                                           ','2025-03-22'
'PR8275','Project Participant','Private','PMT6516                                           ','2025-03-13'
'PR7284','Project Professional','Grant','PMT1491                                           ','2025-12-23'
'PR9938','Project Threat','Government','PMT8445                                           ','2025-11-13'
'PR5881','Project Last','Grant','PMT7805                                           ','2025-02-26'
'PR7682','Project Send','Private','PMT9460                                           ','2025-12-14'
'PR8750','Project Economy','Grant','PMT2884                                           ','2025-11-04'
'PR3888','Project Bed','Private','PMT1808                                           ','2025-05-13'
'PR2932','Project Me','University','PMT8183                                           ','2025-07-27'
'PR4749','Project Quite','Private','PMT5193                                           ','2026-02-08'
'PR1703','Project Last','Government','PMT4422                                           ','2025-12-13'
'PR1917','Project Pretty','Grant','PMT3432                                           ','2025-05-10'
'PR7226','Project Nation','Government','PMT9826                                           ','2025-04-07'
'PR2445','Project Technology','University','PMT3927                                           ','2025-06-07'
'PR9311','Project Simple','Government','PMT6345                                           ','2025-10-01'
'PR5242','Project Organization','Government','PMT8098                                           ','2025-12-08'
'PR9811','Project Size','University','PMT3248                                           ','2025-10-20'
'PR5541','Project Community','University','PMT7245                                           ','2026-01-15'
'PR6483','Project Again','Government','PMT2052                                           ','2025-12-25'
'PR3075','Project Tax','University','PMT3091                                           ','2026-01-29'
'PR6424','Project Road','University','PMT3960                                           ','2025-04-19'
'PR6356','Project Tell','Grant','PMT2060                                           ','2025-03-16'
'PR7041','Project Despite','University','PMT4624                                           ','2025-12-22'
'PR1585','Project Address','Government','PMT6868                                           ','2025-09-01'
'PR5583','Project To','Government','PMT6736                                           ','2025-06-25'
'PR7875','Project Allow','Government','PMT6671                                           ','2025-08-16'
'PR7570','Project Model','Private','PMT8324                                           ','2025-06-08'
'PR7227','Project Technology','Grant','PMT6120                                           ','2025-06-12'
'PR1461','Project Sure','Private','PMT4017                                           ','2025-05-04'
'PR1132','Project Apply','Government','PMT4863                                           ','2025-03-03'
'PR7363','Project Even','Government','PMT9075                                           ','2025-05-22'
'PR8435','Project Past','University','PMT7760                                           ','2025-03-31'
'PR2813','Project Note','Grant','PMT7095                                           ','2025-03-29'
'PR2036','Project Mrs','Grant','PMT2650                                           ','2025-11-15'
'PR9129','Project Service','University','PMT8285                                           ','2025-06-12'
'PR6504','Project Decide','Government','PMT6102                                           ','2025-08-12'
'PR7894','Project Ever','University','PMT4306                                           ','2025-06-26'
'PR2178','Project Happy','Grant','PMT6304                                           ','2025-11-26'
'PR1340','Project Contain','University','PMT8894                                           ','2025-12-04'
'PR8163','Project Since','University','PMT1956                                           ','2025-10-07'
'PR5769','Project Significant','University','PMT3142                                           ','2025-05-29'
'PR2284','Project Enter','University','PMT6052                                           ','2025-11-13'
'PR8770','Project No','Government','PMT9375                                           ','2025-10-29'
'PR6286','Project Beyond','Government','PMT1068                                           ','2025-05-15'
'PR5916','Project Book','Government','PMT8400                                           ','2025-04-15'
'PR8801','Project Challenge','University','PMT4545                                           ','2025-09-12'
'PR3655','Project Shoulder','Private','PMT9213                                           ','2025-09-28'
'PR1320','Project Point','University','PMT3279                                           ','2025-08-11'
'PR2531','Project War','University','PMT9781                                           ','2025-02-27'
'PR9901','Project Number','Government','PMT2196                                           ','2025-09-12'
'PR3541','Project Example','Government','PMT6552                                           ','2025-08-07'
'PR2944','Project Federal','Private','PMT3652                                           ','2025-07-20'
'PR8045','Project Buy','Private','PMT4297                                           ','2025-04-09'
'PR7050','Project Wrong','Government','PMT3053                                           ','2025-02-28'
'PR1013','Project Nothing','Private','PMT7145                                           ','2026-01-24'
'PR6204','Project Successful','Grant','PMT4405                                           ','2025-06-22'
'PR4534','Project Become','Government','PMT4736                                           ','2026-02-19'
'PR3732','Project Its','Grant','PMT5576                                           ','2026-02-14'
'PR2090','Project Book','Grant','PMT8937                                           ','2025-02-25'
'PR5140','Project Wind','University','PMT7237                                           ','2026-01-30'
'PR5616','Project See','Grant','PMT2279                                           ','2025-07-09'
'PR1839','Project Save','Government','PMT6749                                           ','2025-10-19'
'PR7215','Project National','Government','PMT6697                                           ','2025-05-04'
'PR3259','Project Between','Private','PMT3791                                           ','2025-06-16'
'PR2960','Project Should','Private','PMT9115                                           ','2025-05-20'
'PR4767','Project Information','Private','PMT7356                                           ','2025-04-29'
'PR9867','Project Break','University','PMT7415                                           ','2025-05-14'
'PR7011','Project Pattern','University','PMT9277                                           ','2025-12-29'
'PR6418','Project Official','University','PMT1029                                           ','2025-06-24'
'PR9648','Project Different','University','PMT9314                                           ','2025-03-25'
'PR3437','Project Write','Grant','PMT1658                                           ','2025-09-15'
'PR9455','Project Side','Private','PMT9308                                           ','2025-09-19'
'PR4535','Project Involve','Government','PMT6789                                           ','2025-11-14'
'PR3223','Project Standard','Private','PMT7865                                           ','2025-08-01'
'PR1003','Project Particularly','Private','PMT3386                                           ','2025-03-30'
'PR7643','Project Mr','Grant','PMT4064                                           ','2026-02-03'
'PR6126','Project Few','Private','PMT1361                                           ','2025-09-27'
'PR5470','Project Against','Grant','PMT3526                                           ','2025-10-27'
'PR7255','Project Challenge','Private','PMT8626                                           ','2026-01-23'
'PR1438','Project Quality','University','PMT8115                                           ','2025-07-01'
'PR6766','Project Significant','University','PMT8344                                           ','2026-01-31'
'PR1047','Project Speak','Government','PMT4988                                           ','2025-03-02'
'PR7388','Project Sea','Private','PMT8722                                           ','2025-11-07'
'PR6462','Project Example','Grant','PMT2990                                           ','2026-01-23'
'PR5252','Project Offer','University','PMT2986                                           ','2025-03-21'
'PR2662','Project Want','University','PMT8101                                           ','2025-04-18'
'PR3458','Project Training','Grant','PMT8123                                           ','2025-12-20'
'PR5621','Project Dream','University','PMT5308                                           ','2025-04-25'
'PR7659','Project Compare','Grant','PMT6123                                           ','2025-04-25'
'PR5532','Project Size','University','PMT2484                                           ','2025-06-20'
'PR8952','Project Voice','Government','PMT3997                                           ','2025-04-22'
'PR8570','Project Will','Private','PMT8667                                           ','2025-05-02'
'PR9145','Project They','Grant','PMT9449                                           ','2025-10-10'
'PR7029','Project Mean','Grant','PMT6357                                           ','2025-04-20'
'PR7476','Project Push','Grant','PMT2897                                           ','2026-01-11'
'PR1054','Project Me','Private','PMT3514                                           ','2025-08-13'
'PR1925','Project Five','University','PMT1560                                           ','2025-03-11'
'PR6756','Project Fine','Private','PMT1820                                           ','2025-10-07'
'PR2462','Project Recognize','Government','PMT6644                                           ','2026-02-03'
'PR7048','Project Reality','Grant','PMT1992                                           ','2026-01-11'
'PR8879','Project Look','University','PMT4778                                           ','2025-08-31'
'PR1450','Project Almost','Grant','PMT6083                                           ','2025-06-24'
'PR9799','Project Floor','Government','PMT9331                                           ','2025-08-04'
'PR8115','Project Event','Private','PMT9138                                           ','2026-01-30'
'PR1634','Project Much','Grant','PMT4524                                           ','2025-09-22'
'PR4548','Project Few','Private','PMT5423                                           ','2025-08-03'
'PR7724','Project Value','Private','PMT8650                                           ','2025-12-31'
'PR9550','Project Rule','Private','PMT4787                                           ','2025-11-03'
'PR5782','Project Rate','Government','PMT1854                                           ','2025-11-03'
'PR6014','Project Mission','University','PMT3991                                           ','2025-03-21'
'PR3020','Project Investment','Government','PMT6292                                           ','2025-05-26'
'PR3022','Project Management','Private','PMT3546                                           ','2025-11-08'
'PR2109','Project Trade','Private','PMT3756                                           ','2025-05-01'
'PR2063','Project Executive','University','PMT7541                                           ','2025-07-31'
'PR8975','Project Television','Grant','PMT7503                                           ','2025-10-28'
'PR2436','Project Commercial','Private','PMT5055                                           ','2026-01-29'
'PR4527','Project Always','University','PMT7020                                           ','2025-12-04'
'PR3921','Project Practice','Grant','PMT7327                                           ','2025-12-20'
'PR1399','Project Sound','University','PMT5887                                           ','2025-02-24'
'PR5195','Project Thank','Grant','PMT5365                                           ','2025-12-25'
'PR4371','Project Stage','Government','PMT7388                                           ','2026-01-30'
'PR5960','Project Hour','Grant','PMT3554                                           ','2025-08-22'
'PR2343','Project He','Private','PMT3521                                           ','2026-01-13'
'PR9788','Project Food','Private','PMT7179                                           ','2026-02-07'
'PR7443','Project Oil','Private','PMT8149                                           ','2025-06-09'
'PR7844','Project Southern','Private','PMT9427                                           ','2025-11-15'
'PR9683','Project Specific','University','PMT7275                                           ','2025-07-14'
'PR7420','Project When','Grant','PMT8802                                           ','2025-05-21'
'PR2556','Project Should','Private','PMT8191                                           ','2025-12-20'
'PR9105','Project Fast','University','PMT6583                                           ','2025-05-17'
'PR3996','Project Several','University','PMT7822                                           ','2025-03-03'
'PR3348','Project Meet','University','PMT8114                                           ','2025-08-25'
'PR2471','Project Indeed','Government','PMT1490                                           ','2026-01-17'
'PR5412','Project Fish','University','PMT7803                                           ','2025-11-18'
'PR1519','Project Large','Grant','PMT8018                                           ','2025-05-07'
'PR7744','Project Forget','Private','PMT5837                                           ','2025-03-19'
'PR7272','Project Their','Grant','PMT4258                                           ','2025-09-18'
'PR7795','Project Citizen','Private','PMT1377                                           ','2025-09-04'
'PR7471','Project Throughout','Grant','PMT5669                                           ','2025-12-25'
'PR6959','Project Four','Private','PMT2331                                           ','2026-01-24'
'PR4368','Project Keep','University','PMT8217                                           ','2025-11-28'
'PR2165','Project Oil','Grant','PMT1879                                           ','2026-01-08'
'PR5582','Project Finish','Government','PMT1950                                           ','2025-08-04'
'PR4795','Project Like','University','PMT9785                                           ','2025-05-21'
'PR2493','Project Do','Government','PMT9370                                           ','2026-02-14'
'PR1892','Project Address','Government','PMT8437                                           ','2025-03-20'
'PR5910','Project Address','Government','PMT2630                                           ','2025-05-27'
'PR5285','Project Brother','Private','PMT3298                                           ','2025-04-11'
'PR1212','Project Particular','Grant','PMT8571                                           ','2025-10-13'
'PR7071','Project List','Private','PMT4962                                           ','2025-04-04'
'PR9789','Project Adult','Government','PMT6233                                           ','2025-07-14'
'PR1422','Project Strategy','Government','PMT6681                                           ','2025-04-19'
'PR2463','Project Move','Grant','PMT3403                                           ','2025-08-31'
'PR7771','Project Cultural','Private','PMT6731                                           ','2025-06-26'
'PR9112','Project Wait','University','PMT9836                                           ','2025-11-12'
'PR9185','Project Despite','University','PMT5037                                           ','2025-06-01'
'PR1718','Project Yourself','University','PMT8278                                           ','2025-09-13'
'PR1756','Project Sea','Private','PMT1937                                           ','2025-08-27'
'PR5919','Project Piece','Government','PMT6184                                           ','2025-08-17'
'PR2512','Project Term','Government','PMT6709                                           ','2025-02-20'
'PR5149','Project Visit','University','PMT6374                                           ','2025-09-07'
'PR7069','Project Hundred','Private','PMT9835                                           ','2025-08-09'
'PR2336','Project Stay','University','PMT1668                                           ','2025-03-23'
'PR5785','Project Weight','Grant','PMT6852                                           ','2025-09-05'
'PR8726','Project Condition','Government','PMT3051                                           ','2025-09-12'
'PR6030','Project Thing','Grant','PMT3558                                           ','2025-12-06'
'PR5372','Project Mention','Private','PMT9195                                           ','2025-04-08'
'PR9523','Project Type','Grant','PMT3210                                           ','2025-05-08'
'PR1945','Project Line','University','PMT8377                                           ','2025-04-23'
'PR6441','Project Trial','Private','PMT8744                                           ','2025-04-26'
'PR4731','Project Now','University','PMT9609                                           ','2025-04-17'
'PR7349','Project Season','Private','PMT3744                                           ','2025-11-27'
'PR3038','Project Water','Grant','PMT3407                                           ','2025-03-18'
'PR4028','Project Brother','University','PMT2017                                           ','2025-10-15'
'PR4899','Project Idea','Grant','PMT9767                                           ','2025-10-26'
'PR7915','Project Eye','Government','PMT2072                                           ','2025-12-13'
'PR4650','Project Wrong','Private','PMT1564                                           ','2025-07-11'
'PR6883','Project Feeling','Grant','PMT6997                                           ','2026-02-07'
'PR4762','Project Carry','Government','PMT6530                                           ','2025-03-30'
'PR6245','Project Cold','Grant','PMT7583                                           ','2025-12-02'
'PR5189','Project Close','Grant','PMT8228                                           ','2025-05-15'
'PR5912','Project Care','Grant','PMT6568                                           ','2025-11-24'
'PR5165','Project Water','Private','PMT2489                                           ','2025-02-21'
'PR8468','Project Worry','Government','PMT7052                                           ','2025-05-16'
'PR9794','Project Line','Government','PMT8179                                           ','2025-04-29'
'PR6378','Project Policy','Government','PMT5582                                           ','2025-12-27'
'PR9741','Project Model','University','PMT3945                                           ','2025-07-13'
'PR4797','Project Case','Government','PMT7349                                           ','2025-12-27'
'PR1836','Project Media','Grant','PMT4098                                           ','2025-10-03'
'PR2464','Project End','Grant','PMT8900                                           ','2025-04-11'
'PR1750','Project Stand','Grant','PMT5799                                           ','2025-02-26'
'PR8494','Project Sit','University','PMT3730                                           ','2025-07-07'
'PR9110','Project Chair','Government','PMT8069                                           ','2025-07-17'
'PR6173','Project School','Grant','PMT7280                                           ','2025-06-07'
'PR8686','Project Money','Grant','PMT7307                                           ','2025-12-12'
'PR1923','Project Couple','University','PMT1842                                           ','2025-08-16'
'PR6099','Project Else','University','PMT4437                                           ','2025-03-15'
'PR8019','Project Difficult','Grant','PMT4529                                           ','2025-12-02'
'PR8353','Project Where','Government','PMT8623                                           ','2025-11-29'
'PR6270','Project Usually','Grant','PMT7760                                           ','2026-02-15'
'PR6547','Project Agent','Government','PMT2926                                           ','2025-07-14'
'PR1903','Project Federal','Private','PMT8059                                           ','2025-07-08'
'PR2161','Project Although','Government','PMT8825                                           ','2025-07-25'
'PR8343','Project Radio','Private','PMT4395                                           ','2025-09-16'
'PR5385','Project Simple','Private','PMT4081                                           ','2025-06-15'
'PR5871','Project Admit','University','PMT9499                                           ','2025-08-14'
'PR3308','Project Inside','University','PMT1154                                           ','2025-04-14'
'PR2647','Project Long','Government','PMT8627                                           ','2025-10-15'
'PR3021','Project Remember','University','PMT4966                                           ','2025-12-07'
'PR2242','Project Example','Private','PMT2376                                           ','2026-01-08'
'PR8128','Project Even','Government','PMT1318                                           ','2025-02-24'
'PR9445','Project Positive','University','PMT4551                                           ','2025-09-05'
'PR5380','Project Democrat','University','PMT7198                                           ','2026-01-25'
'PR4033','Project Remain','Grant','PMT3166                                           ','2025-04-15'
'PR2371','Project May','University','PMT1907                                           ','2025-11-05'
'PR7734','Project Ahead','Private','PMT4326                                           ','2025-04-14'
'PR5088','Project Enough','Government','PMT1184                                           ','2025-11-22'
'PR9156','Project Drive','Government','PMT7645                                           ','2025-09-27'
'PR1362','Project Together','Grant','PMT1272                                           ','2026-01-17'
'PR6916','Project Economy','Government','PMT6777                                           ','2025-06-30'
'PR9352','Project Morning','Government','PMT1084                                           ','2025-05-16'
'PR6503','Project Newspaper','Private','PMT5852                                           ','2026-02-13'
'PR3409','Project Ok','University','PMT1319                                           ','2025-05-21'
'PR7711','Project Country','Grant','PMT1574                                           ','2025-12-24'
'PR7411','Project Else','Private','PMT2004                                           ','2025-10-27'
'PR2055','Project But','Government','PMT7661                                           ','2025-10-23'
'PR9910','Project Full','University','PMT4241                                           ','2025-05-27'
'PR8722','Project Billion','University','PMT6995                                           ','2025-08-05'
'PR1487','Project Source','Government','PMT3799                                           ','2025-03-21'
'PR6468','Project Personal','Grant','PMT3246                                           ','2026-01-07'
'PR3286','Project Nice','Government','PMT9733                                           ','2025-04-17'
'PR3708','Project Final','Grant','PMT1634                                           ','2025-12-14'
'PR7697','Project Offer','University','PMT3695                                           ','2025-12-02'
'PR3588','Project Someone','Private','PMT8944                                           ','2025-04-08'
'PR4670','Project Space','Government','PMT8089                                           ','2025-03-16'
'PR4567','Project Together','University','PMT2521                                           ','2025-09-08'
'PR5709','Project Scientist','Government','PMT5326                                           ','2025-03-18'
'PR2439','Project Here','Private','PMT1374                                           ','2025-08-12'
'PR4531','Project Difficult','Private','PMT8706                                           ','2025-08-02'
'PR5898','Project Audience','University','PMT3195                                           ','2025-04-18'
'PR2390','Project Knowledge','University','PMT8863                                           ','2025-05-31'
'PR1349','Project Air','University','PMT6423                                           ','2025-06-25'
'PR4827','Project You','University','PMT1947                                           ','2025-07-03'
'PR4542','Project Turn','University','PMT8516                                           ','2025-12-14'
'PR9010','Project Sign','Private','PMT5981                                           ','2025-03-19'
'PR8455','Project Analysis','University','PMT9364                                           ','2026-01-26'
'PR1350','Project Family','Government','PMT1695                                           ','2025-10-11'
'PR1717','Project Court','Grant','PMT4369                                           ','2025-02-28'
'PR2736','Project Subject','Government','PMT5199                                           ','2025-07-16'
'PR1074','Project Your','University','PMT1450                                           ','2025-09-12'
'PR2460','Project Be','Grant','PMT4554                                           ','2025-07-14'
'PR6627','Project Company','Government','PMT6978                                           ','2025-04-30'
'PR3536','Project Book','Private','PMT2597                                           ','2025-03-19'
'PR6747','Project Allow','Grant','PMT8947                                           ','2025-06-20'
'PR7963','Project Himself','Grant','PMT3067                                           ','2025-07-11'
'PR5771','Project Meeting','Government','PMT7250                                           ','2025-12-06'
'PR1455','Project When','Private','PMT6691                                           ','2026-01-22'
'PR3460','Project Strategy','Private','PMT9802                                           ','2025-11-19'
'PR3825','Project Board','Government','PMT2949                                           ','2025-07-16'
'PR9604','Project Lot','University','PMT4476                                           ','2026-01-18'
'PR8940','Project These','Government','PMT5438                                           ','2025-08-27'
'PR6511','Project Per','Government','PMT1897                                           ','2025-10-07'
'PR4491','Project About','Private','PMT7616                                           ','2025-11-17'
'PR5311','Project Fund','Private','PMT5905                                           ','2025-10-02'
'PR6271','Project Throughout','University','PMT5184                                           ','2025-02-22'
'PR6769','Project Provide','University','PMT1337                                           ','2025-11-12'
'PR2095','Project Fast','University','PMT6482                                           ','2025-10-17'
'PR3614','Project Require','Grant','PMT9391                                           ','2025-10-10'
'PR7820','Project New','Grant','PMT6612                                           ','2025-11-17'
'PR3677','Project Could','Private','PMT2873                                           ','2025-09-08'
'PR2865','Project Be','Government','PMT9438                                           ','2025-03-10'
'PR8167','Project Report','University','PMT4433                                           ','2025-05-05'
'PR6638','Project Impact','Government','PMT4497                                           ','2025-10-19'
'PR1961','Project Of','Grant','PMT9587                                           ','2025-03-03'
'PR2183','Project Present','Private','PMT3972                                           ','2026-01-26'
'PR4828','Project Whole','University','PMT1256                                           ','2025-05-08'
'PR3271','Project Financial','Government','PMT4465                                           ','2025-10-09'
'PR6389','Project Suffer','Private','PMT5022                                           ','2025-10-27'
'PR6811','Project Cold','Government','PMT7068                                           ','2025-12-24'
'PR2094','Project Also','Grant','PMT1122                                           ','2025-03-09'
'PR2783','Project Meeting','University','PMT9904                                           ','2025-09-23'
'PR4783','Project Allow','Grant','PMT5771                                           ','2025-12-22'
'PR6519','Project Name','Government','PMT6050                                           ','2026-02-09'
'PR8010','Project Bed','Private','PMT3211                                           ','2025-05-18'
'PR1819','Project Quite','Government','PMT5633                                           ','2025-12-11'
'PR7521','Project Party','Government','PMT6451                                           ','2025-08-14'
'PR5315','Project Nature','Private','PMT6946                                           ','2025-12-02'
'PR9364','Project Very','Private','PMT2158                                           ','2025-06-28'
'PR1095','Project Edge','Private','PMT4901                                           ','2025-05-02'
'PR7713','Project Tree','Private','PMT8335                                           ','2025-11-27'
'PR8633','Project History','Government','PMT2515                                           ','2025-05-11'
'PR4933','Project Discover','University','PMT2405                                           ','2025-09-24'
'PR8889','Project New','University','PMT4559                                           ','2025-05-05'
'PR2843','Project Adult','University','PMT3085                                           ','2026-02-04'
'PR1574','Project Outside','University','PMT3920                                           ','2025-07-04'
'PR6581','Project Hit','Private','PMT5042                                           ','2025-09-13'
'PR1426','Project North','Private','PMT3556                                           ','2026-01-09'
'PR8368','Project Because','Private','PMT8746                                           ','2025-10-13'
'PR4852','Project Anything','Government','PMT5885                                           ','2025-11-10'
'PR2617','Project Sure','University','PMT9261                                           ','2025-12-31'
'PR2084','Project President','Grant','PMT9848                                           ','2025-09-09'
'PR3939','Project Heart','Government','PMT1255                                           ','2025-05-29'
'PR6550','Project Senior','Government','PMT3581                                           ','2025-03-05'
'PR8624','Project Evidence','Government','PMT6072                                           ','2025-07-18'
'PR7626','Project Interview','Private','PMT2311                                           ','2025-12-21'
'PR9688','Project Moment','Government','PMT9141                                           ','2025-07-09'
'PR2919','Project President','Government','PMT7806                                           ','2025-12-07'
'PR6121','Project Article','Private','PMT8797                                           ','2026-01-10'
'PR1235','Project Share','University','PMT4235                                           ','2025-10-20'
'PR8954','Project Behind','Government','PMT6426                                           ','2025-11-03'
'PR7850','Project Until','Government','PMT8019                                           ','2025-10-24'
'PR3174','Project Action','Grant','PMT9327                                           ','2025-03-16'
'PR4849','Project World','Grant','PMT1979                                           ','2025-07-04'
'PR1678','Project Along','Private','PMT8564                                           ','2025-08-04'
'PR2922','Project Alone','University','PMT7378                                           ','2025-07-27'
'PR5862','Project Yard','University','PMT5091                                           ','2025-09-02'
'PR4575','Project Offer','Private','PMT1092                                           ','2025-08-09'
'PR8505','Project Field','University','PMT5603                                           ','2025-04-03'
'PR3682','Project Affect','Government','PMT4708                                           ','2025-11-16'
'PR3836','Project Paper','University','PMT2362                                           ','2025-07-24'
'PR7151','Project Bed','University','PMT1761                                           ','2025-04-02'
'PR1026','Project Enjoy','Private','PMT6290                                           ','2025-05-01'
'PR6313','Project Kind','Government','PMT5172                                           ','2026-01-09'
'PR7969','Project Toward','University','PMT6246                                           ','2025-05-27'
'PR5146','Project Low','University','PMT8586                                           ','2025-06-13'
'PR1193','Project Million','Grant','PMT5016                                           ','2025-06-20'
'PR6018','Project Leave','University','PMT1853                                           ','2025-08-14'
'PR5607','Project Experience','Government','PMT2679                                           ','2025-08-12'
'PR1336','Project Space','Grant','PMT6433                                           ','2025-12-13'
'PR4983','Project Return','Private','PMT3815                                           ','2025-08-20'
'PR9619','Project Song','Government','PMT4146                                           ','2026-01-15'
'PR2650','Project Institution','Government','PMT5796                                           ','2025-03-21'
'PR2792','Project Late','Grant','PMT6450                                           ','2025-11-11'
'PR8130','Project More','Grant','PMT3837                                           ','2026-02-09'
'PR4116','Project Future','Government','PMT1319                                           ','2025-07-15'
'PR7122','Project Night','Government','PMT2608                                           ','2025-10-30'
'PR8477','Project Eye','Government','PMT2793                                           ','2025-08-11'
'PR8930','Project Model','Private','PMT1477                                           ','2025-04-27'
'PR9065','Project Better','Grant','PMT8903                                           ','2025-07-25'
'PR9303','Project Determine','Government','PMT4762                                           ','2025-06-16'
'PR5397','Project Art','Government','PMT4627                                           ','2025-05-10'
'PR7772','Project Write','Grant','PMT9103                                           ','2025-07-25'
'PR7334','Project Task','University','PMT3887                                           ','2026-02-05'
'PR8080','Project Watch','Private','PMT7183                                           ','2025-04-14'
'PR7860','Project Eye','Government','PMT8776                                           ','2025-10-19'
'PR9221','Project Really','Government','PMT1253                                           ','2025-08-06'
'PR3784','Project Trip','University','PMT7854                                           ','2025-07-19'
'PR4959','Project Activity','Private','PMT1736                                           ','2025-08-15'
'PR3059','Project Such','Government','PMT8905                                           ','2025-10-18'
'PR6676','Project Responsibility','Government','PMT6242                                           ','2025-08-17'
'PR5848','Project Ever','Government','PMT4967                                           ','2025-12-02'
'PR7720','Project Bit','Grant','PMT1516                                           ','2026-02-14'
'PR9242','Project Speak','Grant','PMT8433                                           ','2025-08-31'
'PR8303','Project Event','Private','PMT3888                                           ','2025-06-25'
'PR3885','Project Way','Government','PMT2074                                           ','2025-04-18'
'PR2298','Project Wife','Government','PMT1441                                           ','2025-04-17'
'PR7604','Project Speech','Government','PMT2234                                           ','2025-07-20'
'PR4003','Project Like','Grant','PMT8211                                           ','2025-04-05'
'PR1408','Project Next','University','PMT1532                                           ','2025-09-26'
'PR2385','Project Politics','Government','PMT7730                                           ','2025-09-28'
'PR3938','Project And','Government','PMT7751                                           ','2025-09-25'
'PR6120','Project After','University','PMT6983                                           ','2025-03-25'
'PR3342','Project East','University','PMT6171                                           ','2025-11-02'
'PR8662','Project Respond','Grant','PMT4076                                           ','2025-05-27'
'PR7152','Project Talk','Private','PMT5033                                           ','2025-06-23'
'PR7953','Project Blood','University','PMT9974                                           ','2025-05-08'
'PR2163','Project Him','Government','PMT2113                                           ','2025-08-31'
'PR5911','Project Sometimes','Private','PMT2664                                           ','2025-07-15'
'PR5604','Project Remember','Government','PMT5142                                           ','2025-10-31'
'PR1522','Project Serve','Government','PMT6427                                           ','2025-08-24'
'PR2324','Project Ever','University','PMT6874                                           ','2025-07-18'
'PR8376','Project Receive','Private','PMT4850                                           ','2025-11-22'
'PR8839','Project Avoid','Grant','PMT6398                                           ','2025-06-30'
'PR2038','Project Commercial','Government','PMT2102                                           ','2025-12-20'
'PR1905','Project Movie','Government','PMT1701                                           ','2025-08-29'
'PR7725','Project Way','Grant','PMT8343                                           ','2025-05-02'
'PR3214','Project Fly','Grant','PMT7597                                           ','2025-03-18'
'PR4843','Project Citizen','Grant','PMT6456                                           ','2025-09-19'
'PR6813','Project Hundred','Grant','PMT6477                                           ','2025-07-09'
'PR9868','Project Produce','Grant','PMT9254                                           ','2025-05-26'
'PR1589','Project Partner','University','PMT8745                                           ','2025-05-25'
'PR1070','Project Cold','University','PMT2134                                           ','2025-04-01'
'PR2311','Project Thing','Private','PMT1290                                           ','2025-07-18'
'PR6689','Project Person','Grant','PMT7342                                           ','2025-06-07'
'PR5923','Project Mention','Grant','PMT2280                                           ','2025-08-21'
'PR7205','Project Southern','University','PMT9369                                           ','2025-12-06'
'PR8412','Project Consider','Grant','PMT8552                                           ','2026-02-14'
'PR7268','Project Treat','Government','PMT4690                                           ','2025-02-24'
'PR8391','Project Room','Grant','PMT9706                                           ','2026-01-05'
'PR5237','Project By','Private','PMT7839                                           ','2026-01-29'
'PR4532','Project End','University','PMT6298                                           ','2026-02-01'
'PR2107','Project Agree','Private','PMT6795                                           ','2025-09-27'
'PR6695','Project Thought','Government','PMT4632                                           ','2025-05-25'
'PR7981','Project Information','Government','PMT1464                                           ','2025-06-20'
'PR9335','Project Spring','Private','PMT4713                                           ','2026-01-03'
'PR1658','Project Teacher','Government','PMT5368                                           ','2025-02-28'
'PR3789','Project Manager','Grant','PMT6426                                           ','2025-10-04'
'PR1555','Project Top','Private','PMT4205                                           ','2025-05-01'
'PR4034','Project Scene','Private','PMT8562                                           ','2025-08-14'
'PR7248','Project Level','Grant','PMT9640                                           ','2026-02-17'
'PR7907','Project Writer','Private','PMT8005                                           ','2025-07-14'
'PR8403','Project Need','University','PMT9339                                           ','2025-06-22'
'PR1159','Project Value','Government','PMT5585                                           ','2026-01-27'
'PR7206','Project Population','Private','PMT6094                                           ','2026-01-12'
'PR4870','Project Card','Government','PMT8761                                           ','2025-08-17'
'PR9781','Project Evening','Grant','PMT7177                                           ','2025-07-04'
'PR3745','Project Game','Government','PMT8907                                           ','2025-12-01'
'PR8630','Project Strategy','Grant','PMT7881                                           ','2025-05-16'
'PR1360','Project Boy','Government','PMT5250                                           ','2026-01-05'
'PR2413','Project Daughter','Private','PMT8394                                           ','2025-11-25'
'PR8244','Project Assume','Grant','PMT1448                                           ','2025-09-18'
'PR3096','Project Listen','Government','PMT2355                                           ','2026-01-10'
'PR9153','Project Pretty','University','PMT9480                                           ','2025-07-27'
'PR5046','Project Field','Government','PMT6937                                           ','2025-06-01'
'PR7691','Project Run','University','PMT2083                                           ','2025-06-25'
'PR8041','Project May','Private','PMT7536                                           ','2025-12-04'
'PR6147','Project Write','Grant','PMT6884                                           ','2025-09-29'
'PR4467','Project Our','Government','PMT1126                                           ','2026-01-30'
'PR4190','Project Stage','Government','PMT1796                                           ','2025-04-20'
'PR4482','Project And','Grant','PMT8051                                           ','2025-06-27'
'PR7913','Project Free','University','PMT2831                                           ','2025-04-20'
'PR6867','Project Music','Government','PMT5682                                           ','2026-01-21'
'PR1479','Project Usually','Private','PMT5620                                           ','2025-05-17'
'PR5860','Project Its','University','PMT1686                                           ','2025-08-04'
'PR9724','Project Thus','Private','PMT5243                                           ','2025-03-02'
'PR8831','Project Develop','University','PMT9627                                           ','2025-11-18'
'PR6384','Project Society','Grant','PMT3379                                           ','2026-01-09'
'PR4352','Project Color','Government','PMT5222                                           ','2025-08-12'
'PR2077','Project Better','University','PMT2459                                           ','2025-05-22'
'PR5227','Project Part','Private','PMT7369                                           ','2025-12-25'
'PR7241','Project Election','University','PMT1821                                           ','2025-04-29'
'PR8667','Project Me','Private','PMT7506                                           ','2026-01-22'
'PR9896','Project Interest','University','PMT9238                                           ','2025-06-23'
'PR1694','Project Time','University','PMT6286                                           ','2025-09-04'
'PR6359','Project Young','Government','PMT7599                                           ','2025-08-08'
'PR9586','Project East','Grant','PMT2544                                           ','2025-03-25'
'PR8908','Project International','Private','PMT3939                                           ','2025-04-10'
'PR6409','Project Almost','Grant','PMT5404                                           ','2025-09-20'
'PR7100','Project Exactly','Government','PMT8388                                           ','2025-08-15'
'PR9312','Project Win','Private','PMT8727                                           ','2025-08-03'
'PR7577','Project Party','Government','PMT7604                                           ','2025-04-29'
'PR5445','Project Agency','Private','PMT1726                                           ','2025-04-26'
'PR6912','Project Compare','Grant','PMT9300                                           ','2025-10-04'
'PR4023','Project Attack','Government','PMT2458                                           ','2026-02-10'
'PR8312','Project There','University','PMT7989                                           ','2025-12-18'
'PR9096','Project Business','Government','PMT5552                                           ','2025-09-27'
'PR3300','Project Control','Grant','PMT5155                                           ','2025-11-04'
'PR6404','Project Quality','University','PMT9516                                           ','2025-09-05'
'PR8138','Project Camera','Grant','PMT7830                                           ','2026-02-08'
'PR6284','Project Military','University','PMT2424                                           ','2025-06-13'
'PR2589','Project Seem','Grant','PMT9890                                           ','2025-02-24'
'PR3995','Project Manager','University','PMT5810                                           ','2025-06-25'
'PR8965','Project Affect','Government','PMT2900                                           ','2025-11-06'
'PR2817','Project Matter','Grant','PMT8195                                           ','2025-09-16'
'PR5422','Project So','Private','PMT1599                                           ','2025-12-26'
'PR1007','Project Price','Grant','PMT4209                                           ','2025-06-25'
'PR3340','Project Box','Government','PMT8937                                           ','2025-08-22'
'PR5006','Project Material','Grant','PMT7360                                           ','2025-06-14'
'PR8911','Project Run','Government','PMT2723                                           ','2025-11-14'
'PR7595','Project Beat','University','PMT1140                                           ','2025-03-27'
'PR2442','Project Heavy','Grant','PMT7828                                           ','2025-05-12'
'PR4833','Project Role','Grant','PMT1750                                           ','2025-03-15'
'PR9643','Project Difficult','Private','PMT6632                                           ','2026-01-09'
'PR5640','Project Our','University','PMT9029                                           ','2025-09-09'
'PR3207','Project Year','Government','PMT9671                                           ','2025-02-28'
'PR5934','Project Force','Private','PMT7078                                           ','2026-02-02'
'PR6986','Project Red','Government','PMT2238                                           ','2025-08-16'
'PR6845','Project Boy','Grant','PMT6073                                           ','2026-01-22'
'PR3276','Project For','Grant','PMT9875                                           ','2025-03-03'
'PR4350','Project Late','University','PMT1171                                           ','2025-05-29'
'PR9487','Project Nice','University','PMT5840                                           ','2025-02-20'
'PR5976','Project Result','Government','PMT4093                                           ','2025-06-06'
'PR8228','Project Statement','Grant','PMT4424                                           ','2025-12-04'
'PR1919','Project Serious','University','PMT4747                                           ','2025-10-19'
'PR9858','Project Campaign','Government','PMT9682                                           ','2025-12-29'
'PR8827','Project Project','Government','PMT5828                                           ','2025-04-24'
'PR7444','Project Run','University','PMT2817                                           ','2025-04-22'
'PR3143','Project Interview','Grant','PMT8321                                           ','2025-12-30'
'PR9383','Project Miss','Government','PMT6132                                           ','2025-11-16'
'PR8231','Project Agree','University','PMT6167                                           ','2025-07-07'
'PR1179','Project Increase','Government','PMT2505                                           ','2025-05-13'
'PR9860','Project Eight','Government','PMT7579                                           ','2025-06-09'
'PR9515','Project Trade','University','PMT2690                                           ','2025-02-24'
'PR7040','Project Fine','University','PMT9393                                           ','2025-07-02'
'PR9764','Project Chair','University','PMT5848                                           ','2026-01-06'
'PR1865','Project Picture','University','PMT5062                                           ','2025-04-08'
'PR9104','Project Responsibility','Private','PMT8012                                           ','2025-10-23'
'PR9386','Project Rule','Private','PMT9768                                           ','2025-10-10'
'PR1040','Project Special','Government','PMT3609                                           ','2025-09-22'
'PR4758','Project Media','University','PMT5961                                           ','2025-08-17'
'PR3356','Project Smile','Private','PMT4695                                           ','2025-12-10'
'PR6013','Project Usually','University','PMT7091                                           ','2025-10-29'
'PR2271','Project Drug','University','PMT1359                                           ','2025-04-18'
'PR7409','Project End','University','PMT1736                                           ','2025-08-10'
'PR4279','Project Difficult','University','PMT5618                                           ','2025-10-07'
'PR3267','Project Energy','University','PMT3048                                           ','2026-01-05'
'PR7133','Project Never','University','PMT2015                                           ','2025-10-03'
'PR2719','Project Develop','Grant','PMT7239                                           ','2025-10-29'
'PR6799','Project Past','Private','PMT9048                                           ','2026-02-06'
'PR4773','Project Debate','University','PMT4285                                           ','2025-12-10'
'PR1532','Project Ago','Private','PMT8924                                           ','2026-01-13'
'PR3909','Project Ever','Government','PMT5943                                           ','2025-09-05'
'PR1243','Project Daughter','Private','PMT5287                                           ','2025-04-16'
'PR6989','Project Station','Government','PMT4448                                           ','2025-03-20'
'PR6339','Project She','Grant','PMT6416                                           ','2025-07-20'
'PR7530','Project Writer','Private','PMT4925                                           ','2025-08-30'
'PR4717','Project Card','Government','PMT2713                                           ','2025-08-26'
'PR3987','Project Able','University','PMT4003                                           ','2025-07-02'
'PR4328','Project Turn','Private','PMT9053                                           ','2025-08-09'
'PR8561','Project Scientist','Private','PMT8673                                           ','2025-12-16'
'PR7116','Project Light','Grant','PMT5967                                           ','2025-04-03'
'PR6626','Project Drive','Grant','PMT9681                                           ','2026-01-09'
'PR6620','Project Late','Government','PMT3332                                           ','2025-11-20'
'PR5068','Project Of','Grant','PMT9442                                           ','2025-10-05'
'PR2222','Project Laugh','University','PMT9822                                           ','2025-08-09'
'PR4019','Project Peace','Government','PMT8793                                           ','2025-07-09'
'PR9749','Project Think','Grant','PMT5814                                           ','2025-08-06'
'PR8470','Project Use','University','PMT5728                                           ','2025-08-17'
'PR2550','Project Card','Private','PMT2563                                           ','2025-08-28'
'PR6934','Project Place','Private','PMT9947                                           ','2025-04-21'
'PR9150','Project Congress','Grant','PMT7192                                           ','2026-02-04'
'PR3878','Project Change','University','PMT7067                                           ','2025-11-05'
'PR4141','Project Several','Private','PMT8305                                           ','2026-02-09'
'PR3337','Project Southern','Private','PMT9546                                           ','2025-10-02'
'PR7898','Project Opportunity','Grant','PMT4685                                           ','2025-05-01'
'PR6555','Project Economy','Grant','PMT1050                                           ','2025-12-21'
'PR8526','Project Eat','University','PMT3692                                           ','2025-06-23'
'PR7569','Project Trial','Government','PMT1533                                           ','2025-09-01'
'PR9333','Project With','Grant','PMT8399                                           ','2025-06-09'
'PR6743','Project Check','Private','PMT9458                                           ','2025-04-26'
'PR2877','Project From','Government','PMT7693                                           ','2025-03-21'
'PR3948','Project Laugh','Private','PMT7853                                           ','2025-12-14'
'PR9915','Project Power','University','PMT5342                                           ','2025-09-07'
'PR9408','Project Nearly','University','PMT3975                                           ','2025-03-04'
'PR7731','Project Movie','Government','PMT2034                                           ','2025-04-30'
'PR7578','Project Dark','Grant','PMT9618                                           ','2025-10-09'
'PR2312','Project Language','Grant','PMT8391                                           ','2025-07-23'
'PR1168','Project Force','Government','PMT4943                                           ','2025-08-05'
'PR8855','Project Consider','Private','PMT8857                                           ','2025-03-16'
'PR4486','Project Risk','Private','PMT8344                                           ','2025-05-16'
'PR3035','Project Myself','Government','PMT1591                                           ','2025-11-24'
'PR4907','Project Require','Grant','PMT8622                                           ','2025-07-26'
'PR5202','Project Lawyer','Government','PMT7375                                           ','2025-10-28'
'PR9653','Project Deep','Grant','PMT3825                                           ','2025-03-06'
'PR2924','Project Three','University','PMT4517                                           ','2025-03-31'
'PR2672','Project Management','Grant','PMT3939                                           ','2025-11-01'
'PR6886','Project Child','Private','PMT4618                                           ','2025-07-04'
'PR1173','Project Decide','Government','PMT9712                                           ','2025-03-16'
'PR9182','Project Win','Grant','PMT1138                                           ','2026-01-30'
'PR8808','Project Hour','University','PMT4204                                           ','2026-01-11'
'PR2636','Project I','University','PMT6113                                           ','2025-06-28'
'PR1755','Project Air','Private','PMT9743                                           ','2025-03-14'
'PR9132','Project Send','Government','PMT9919                                           ','2025-05-26'
'PR6529','Project Future','Private','PMT2436                                           ','2025-07-20'
'PR5013','Project Benefit','Grant','PMT4462                                           ','2025-10-22'
'PR3277','Project Question','Grant','PMT7260                                           ','2025-08-19'
'PR1231','Project Ball','Government','PMT2179                                           ','2025-12-10'
'PR9341','Project Anyone','University','PMT2938                                           ','2025-06-13'
'PR6080','Project Goal','University','PMT1519                                           ','2025-12-29'
'PR1682','Project Statement','Government','PMT5161                                           ','2025-04-13'
'PR4700','Project This','University','PMT1571                                           ','2025-08-23'
'PR7926','Project Day','Private','PMT7141                                           ','2025-11-29'
'PR1099','Project Soon','Private','PMT3873                                           ','2025-09-03'
'PR5364','Project Plant','Grant','PMT5834                                           ','2025-02-26'
'PR6675','Project View','Government','PMT9812                                           ','2025-07-02'
'PR4878','Project Full','Private','PMT1230                                           ','2025-03-19'
'PR1980','Project Property','University','PMT2065                                           ','2026-01-09'
'PR3799','Project Green','Government','PMT1609                                           ','2026-01-04'
'PR9461','Project Entire','Private','PMT5072                                           ','2025-09-16'
'PR4013','Project Word','University','PMT2269                                           ','2025-07-19'
'PR8659','Project War','Private','PMT9962                                           ','2025-08-15'
'PR9045','Project Expect','Private','PMT8186                                           ','2026-02-15'
'PR3828','Project Carry','Private','PMT8762                                           ','2025-09-20'
'PR2409','Project Traditional','Grant','PMT8577                                           ','2025-07-14'
'PR7410','Project Analysis','Government','PMT1281                                           ','2025-03-07'
'PR9113','Project Spring','University','PMT6526                                           ','2025-02-24'
'PR5573','Project Base','Government','PMT9290                                           ','2026-01-05'
'PR3385','Project Usually','University','PMT6476                                           ','2025-11-21'
'PR5430','Project Many','Private','PMT8015                                           ','2025-10-27'
'PR5658','Project Huge','Grant','PMT5984                                           ','2025-02-21'
'PR4886','Project Picture','Government','PMT4852                                           ','2025-04-19'
'PR3841','Project Would','University','PMT2043                                           ','2025-07-09'
'PR8915','Project Expect','Grant','PMT2711                                           ','2026-01-17'
'PR3592','Project At','University','PMT8952                                           ','2025-03-28'
'PR6646','Project Rather','Private','PMT8323                                           ','2025-08-03'
'PR2811','Project Green','Grant','PMT1919                                           ','2025-03-16'
'PR6729','Project Television','Private','PMT7155                                           ','2025-04-03'
'PR4936','Project Single','Government','PMT1879                                           ','2025-06-29'
'PR4574','Project Order','University','PMT1802                                           ','2025-05-18'
'PR1024','Project Claim','Private','PMT9812                                           ','2025-11-06'
'PR4267','Project Above','Government','PMT1932                                           ','2025-09-14'
'PR3551','Project Political','Government','PMT5660                                           ','2025-07-05'
'PR1720','Project Cause','University','PMT3859                                           ','2025-12-31'
'PR4743','Project Seven','Grant','PMT7985                                           ','2025-07-12'
'PR6329','Project Man','Grant','PMT4586                                           ','2025-12-29'
'PR9176','Project Increase','Government','PMT9724                                           ','2025-12-13'
'PR7541','Project Memory','University','PMT2798                                           ','2025-03-16'
