'34671e50-c3dc-4acb-af54-ccde16eb0ea6','Solar Plant West Davidport',257.580,'2018-02-28'
'34d240f4-6ed9-43bc-b7a8-24b56fdd315a','Solar Plant Dillonmouth',437.710,'2023-08-06'
'e00b3472-780b-490f-941b-a4f298882d7f','Solar Plant North Xavier',397.960,'2022-06-18'
'99619a33-69af-482b-a667-0c581f5247a1','Solar Plant East Alexandriaborough',249.350,'2018-12-12'
'e233c178-bd05-4eee-8b42-f2ebc5948432','Solar Plant East Jake',305.270,'2023-10-07'
'657d7976-fb98-45f4-a916-4315352d235d','Solar Plant Gatesview',130.230,'2018-09-03'
'7da8ce5b-0710-48ac-ae70-cfd4c2bda1fa','Solar Plant Jacksonport',412.590,'2015-09-04'
'fa1e0808-8e5c-4044-bbaf-4a17fbad26f2','Solar Plant Evanmouth',250.760,'2018-04-12'
'9b607e6e-02d5-46f1-8eaf-d80c994395d4','Solar Plant Brittanybury',6.590,'2022-12-06'
'61881c67-e019-431b-92f4-540d018ce556','Solar Plant Lake Kathrynburgh',285.120,'2017-08-30'
'd0e8b043-26a7-44a0-92aa-8d8719e49e10','Solar Plant West Jose',173.250,'2023-07-22'
'e2324feb-31cd-417a-ba69-86c74e8e65c0','Solar Plant East Jeremytown',272.210,'2016-09-20'
'03ba1f48-8f07-4672-b292-f53511c4a44a','Solar Plant New Sophiafort',402.330,'2022-03-20'
'455d3198-51b8-460b-aba3-e2d2e39f509a','Solar Plant Deborahborough',107.580,'2019-03-31'
'4f6e3e61-5d41-4b6f-a2e5-e999b484e066','Solar Plant North Jonathan',495.310,'2015-05-29'
'bf90391d-4f2e-4439-bad4-2a1235948caf','Solar Plant East Kennethburgh',317.280,'2015-05-29'
'00bfcb5b-37fb-43a8-9823-30d4dd62defe','Solar Plant Ashleyville',353.120,'2016-06-26'
'aea89403-62f7-4c14-8fea-45eb52e60fea','Solar Plant North Patrick',33.670,'2021-12-10'
'8e1c7488-e62f-4a9a-bb54-a8fcad8a2769','Solar Plant Woodardtown',288.070,'2021-06-24'
'88453494-1794-4b53-9c65-c3fbb293a9e3','Solar Plant Chenfurt',148.830,'2015-09-25'
'3bcecbd9-0768-4f8c-a996-9001872179b1','Solar Plant East Eric',242.970,'2020-08-07'
'aba78bda-c462-4bd5-b99e-952962d757ca','Solar Plant Adamsstad',444.970,'2020-01-24'
'f1b35de2-bd22-4c48-b7c3-a57c89803acf','Solar Plant Tannerbury',15.190,'2015-12-07'
'c9066537-7dcc-4d69-9b22-5b23672ff7bc','Solar Plant Port Jennifertown',124.740,'2020-06-12'
'ecab4bc2-d2ac-437e-9fac-572b36bb4cae','Solar Plant Reyesberg',422.280,'2022-01-17'
'15e2ae5a-a2f7-4a2a-b3b3-7d634b56be1e','Solar Plant North Heather',341.660,'2017-01-23'
'e75dfa36-606a-4d46-8d5e-418b01f410de','Solar Plant South Derrick',97.640,'2019-10-31'
'07bf1bb7-c717-4a83-9d14-b71dfc536375','Solar Plant Forbesberg',365.800,'2023-12-31'
'e0ac6249-7edc-49eb-afc7-134576651dd1','Solar Plant Jamiechester',387.280,'2020-10-23'
'c08ac1ef-892f-413a-b130-6ebb0de66a66','Solar Plant Chadton',204.920,'2021-03-14'
'51015cab-b6df-41de-9214-cb270ece3471','Solar Plant Port Arthur',306.510,'2021-05-30'
'2bb02bae-bc8c-4dba-8c69-c7490d7480f6','Solar Plant New John',265.280,'2019-02-13'
'8e3717d7-a9a4-461d-b193-399de4e8272f','Solar Plant Lake William',151.960,'2017-03-24'
'ab56932f-2a40-4658-9ba9-bd610d2be417','Solar Plant Michaelchester',343.650,'2022-08-06'
'62c912ed-2cf2-4df7-b431-5ee342f97178','Solar Plant Millerland',20.410,'2019-04-02'
'20c7d1b2-8e45-4065-af08-09ebef71af18','Solar Plant Dylanbury',59.950,'2022-06-19'
'40224d8d-98e2-430e-985f-f0ea3705c445','Solar Plant Markhaven',366.430,'2020-12-31'
'8d85877e-8cd9-4f16-b9cc-c3ae02da9277','Solar Plant West Angelicaberg',338.800,'2020-02-27'
'4f7d6525-e2c7-470c-ba0c-5925cc785d32','Solar Plant New Juanside',405.350,'2015-06-22'
'ae8f27c1-2beb-4ba4-aedf-172f1db09605','Solar Plant Matthewfort',254.880,'2021-07-02'
'e203b74a-88ad-4c87-a891-cca77887a09b','Solar Plant Port Matthew',321.210,'2017-01-27'
'a629de86-978f-4b4e-b4e6-eea065fa4e0c','Solar Plant Shannonberg',314.540,'2024-01-10'
'7b3b5979-6c37-4a59-8d53-76364c260524','Solar Plant East Jacobville',73.740,'2015-08-14'
'4e067cb6-c022-4ad1-bccc-1b8c32cb63b1','Solar Plant Samanthahaven',30.070,'2017-10-26'
'e39a3c4d-eb78-43b2-871d-d5bab20b8c52','Solar Plant Kimberlyview',438.170,'2019-01-24'
'8f4902f8-68b7-474c-a7c3-3ac33c7cd7c8','Solar Plant Michaelview',1.440,'2018-09-14'
'cb324c13-1784-4057-86b0-c73d0b7d1793','Solar Plant South Donna',219.960,'2018-06-14'
'338a1bd5-90ed-4756-a321-eceb1d90e9ce','Solar Plant Michelleview',475.890,'2015-09-19'
'00aa8f38-bdb6-4a5c-b6a5-2690c2306cfd','Solar Plant Port Annette',371.670,'2022-05-19'
'e267ad3d-fdfe-4ed6-89fa-becc54dd53c4','Solar Plant Loganhaven',227.670,'2023-07-09'
'dcfc58d7-7db4-40e7-a8f1-2625eea889a0','Solar Plant New Teresafort',481.350,'2015-12-30'
'5f3c71ff-af91-4342-971b-f6f502ad270d','Solar Plant West Derrick',120.050,'2017-03-28'
'4a7aa5dc-c49b-4507-bdaf-259f121fb35c','Solar Plant East Tracey',138.860,'2022-09-22'
'a43e444e-8c22-484b-b1a9-727efc9ac3c7','Solar Plant Teresaburgh',366.140,'2020-10-12'
'bcab0d02-1573-49aa-bcb4-d71315700c4a','Solar Plant South Cody',353.340,'2021-12-24'
'ae7a5087-66ec-4cdb-a034-7160161d8bb4','Solar Plant South Jamesland',217.610,'2020-10-07'
'c83f1df2-40b1-452d-856a-3437b75ba2b4','Solar Plant Miketon',387.900,'2021-06-16'
'9a25b034-bc09-4e09-85ca-1e766e22f365','Solar Plant Maryburgh',415.230,'2022-04-16'
'c6ea9bd1-d088-4a71-b467-5a39504ab2fe','Solar Plant East Sarastad',93.790,'2017-08-25'
'2dd06532-53d5-4db7-bab4-99f54332f97b','Solar Plant Cruztown',215.860,'2017-04-18'
'3d932ba5-7a87-486e-a573-ffecb3c356fa','Solar Plant Molinastad',181.390,'2015-07-09'
'7b38d50a-58f1-4e10-8898-4e175c907e84','Solar Plant Barnesshire',203.380,'2018-06-28'
'd3503ffc-ab55-4f2e-b6c8-aaeda9f33afb','Solar Plant East Jaime',141.010,'2016-08-10'
'bb5d30b5-a63a-4c87-ba09-e9f01f8546f2','Solar Plant Jacksontown',41.630,'2021-04-28'
'617b055e-afb5-4cb3-a167-2c9cf45187ca','Solar Plant Matthewville',87.770,'2020-08-30'
'8e42dab0-8c47-41e0-9a8a-9ec748281fa2','Solar Plant Lake Robertmouth',457.000,'2022-01-03'
'e60daf49-290c-4951-80e6-d53f6039986c','Solar Plant New Adamshire',387.140,'2020-01-16'
'b4f84ade-3712-4238-a932-aac1db6d2ff8','Solar Plant Lake Arieltown',157.330,'2021-12-15'
'8c2f17af-dabc-4b12-8e6c-4d0633d43532','Solar Plant Perrymouth',242.820,'2020-11-07'
'40b1c1b7-aeae-4c16-acb6-94847c638922','Solar Plant Port Johnstad',280.830,'2020-05-30'
'2ec19931-a15a-49cf-8376-d00a9093ea19','Solar Plant Lake Laurenshire',491.580,'2019-08-08'
'b0c0fa15-d590-40f3-a41e-4bd4f920816f','Solar Plant New Nathan',213.670,'2022-11-28'
'cf03c2f6-0426-4c25-9317-ffae6d75457c','Solar Plant Patrickmouth',10.700,'2015-11-21'
'a922ab6e-521a-4d19-b26d-43de8c574f4d','Solar Plant Harrismouth',195.790,'2021-06-19'
'8aa31cd4-5e5b-4c1c-b916-c427bc4df16c','Solar Plant Clintontown',293.940,'2019-03-04'
'05cbb302-7a61-45ad-978c-cec6e509a70f','Solar Plant Port Alison',235.320,'2021-07-11'
'03044a20-8878-419f-809d-fd8f27500ce0','Solar Plant East Ronaldstad',141.220,'2015-03-09'
'2a15c236-0910-4c43-92b5-beb9bf384312','Solar Plant Markview',208.110,'2015-06-24'
'09cfd2f7-cb6b-4ac1-aeec-11739fa195fe','Solar Plant Lauraville',381.370,'2015-09-21'
'2512ac24-c78c-478d-9cd4-c09abf37f6d3','Solar Plant Port Jonathanmouth',84.340,'2024-01-27'
'280b37d6-728d-4314-9f40-50c29e6d413c','Solar Plant New Samuel',35.920,'2015-06-25'
'f09674f0-f94d-4563-b6a0-24ff2665f355','Solar Plant Michaelfurt',170.590,'2023-03-10'
'5b407551-b939-4bea-81d8-423317de7f49','Solar Plant Dianeborough',116.950,'2019-09-27'
'119e119d-f704-4e42-a56f-ee46063396d1','Solar Plant Shawnborough',372.030,'2023-01-10'
'0ea30c90-3e0e-4be9-a559-f952db297f2d','Solar Plant Jamesport',427.590,'2016-08-14'
'5962061e-afc4-4a1d-a3a7-bcefdc6deb78','Solar Plant New Kennethport',384.920,'2016-05-12'
'6d179c89-383e-488f-a973-161a59d2992c','Solar Plant Jeanbury',315.690,'2018-09-26'
'491027f5-2966-4a9c-96ee-3a2ab6b459ff','Solar Plant East Christinaside',413.190,'2019-09-12'
'4575520e-104c-42cd-9271-a92f9bc40dd5','Solar Plant East Douglastown',375.880,'2018-10-10'
'8a81ae31-a64d-495d-8b1c-9fed6f0bbcd5','Solar Plant East Ray',4.200,'2019-06-23'
'dde5fa1a-f9ad-4692-ab19-007f3d3ffffd','Solar Plant South Kenneth',478.500,'2020-05-10'
'ba9f10c9-bd51-45e7-8368-c6e6bd7a89f6','Solar Plant Christinemouth',467.440,'2015-06-07'
'0cff33b8-8cbd-4f02-9dcc-39191c6fc3bc','Solar Plant Kimberlyville',90.190,'2021-09-20'
'46e097d1-dae7-48ad-b54c-0d74b2ccb8ff','Solar Plant Jesuston',96.220,'2019-05-13'
'6d427da6-1eff-4acb-a7bf-44f13012bea1','Solar Plant Jasonfort',77.570,'2021-06-26'
'14b01fd2-f12a-4af1-af9a-5fb3f4e3a54a','Solar Plant Lake Jessicafort',353.050,'2020-01-24'
'becaa11c-b895-410f-9679-74bee57866e5','Solar Plant Guerraville',357.250,'2016-10-22'
'df789878-0850-47bd-9387-8a47a1c57731','Solar Plant South Bethland',82.890,'2017-05-09'
'557f400c-466f-43c3-8c1b-74502cf1d757','Solar Plant Jonathanview',406.600,'2023-05-08'
'febebd33-941d-400a-b1a6-ada0bcbc653f','Solar Plant Grahamton',380.980,'2024-02-20'
'87df4b9b-e7de-4912-b358-c5b789f4077f','Solar Plant Laurenbury',424.440,'2017-09-06'
'ff4076d8-ff1c-421f-b6bf-0978206b792e','Solar Plant Martinezberg',321.220,'2017-01-08'
'a1429ccd-7bb1-455a-94c1-d74fa03b2bbb','Solar Plant New Lisa',378.470,'2018-12-19'
'68f1b6a6-2ec4-4d5f-a591-afc55dac01a8','Solar Plant Jonathanland',476.810,'2019-11-03'
'1e2f297c-9383-4ee1-99df-a0a46e031663','Solar Plant Port Ashley',442.280,'2018-01-21'
'f9315a49-67e9-43db-b01b-fac1d7a3946b','Solar Plant Hernandezland',259.170,'2018-07-19'
'a4b00fbb-90a2-4969-8b45-4e05fb999a63','Solar Plant Kimberlyfurt',245.130,'2021-03-18'
'a0fb5339-8729-4008-bd81-b6b30fdddb5a','Solar Plant New Nathanstad',15.200,'2020-06-19'
'0701ff86-a8ce-4641-a07c-87be6569b10d','Solar Plant Lake Amandaville',288.720,'2018-12-11'
'02dd3746-54ee-4077-a369-9ed51c399d5f','Solar Plant North Anthony',471.000,'2018-08-23'
'48f1712c-535a-4153-960f-3c6d084f106e','Solar Plant Phillipshire',313.000,'2018-08-21'
'73cc6ea6-6372-471d-a7ea-cbfb8d5ca4de','Solar Plant Popestad',319.800,'2016-01-25'
'124e6edb-15ad-4ea8-8c89-b95aeafca2e9','Solar Plant Steeletown',436.630,'2017-06-22'
'9b809476-0694-4b4d-b1a1-1ee0cca6f26f','Solar Plant Youngtown',346.840,'2015-11-25'
'3f631dee-7a65-46b0-8deb-0db19cc12a1f','Solar Plant Kennedymouth',224.370,'2016-07-16'
'1f9cf023-9725-445a-b76f-9dc29d77dd3b','Solar Plant Port Kimberly',364.030,'2020-06-01'
'aa49519c-3a90-483c-97ed-9470b00a08d0','Solar Plant Elizabethview',112.890,'2016-02-26'
'20555775-8cee-49a9-85fc-7af22eee0cce','Solar Plant Roachmouth',58.340,'2019-11-28'
'90bda708-a26c-493c-959c-7c056598835d','Solar Plant North Janetfurt',214.660,'2019-06-19'
'2a65398e-2637-41ff-bd26-234744ca91a2','Solar Plant West Joshuaberg',329.420,'2021-04-26'
'8d3a34ec-9d00-4879-94ba-3c6e55d96ad0','Solar Plant Port Donnaton',478.190,'2017-07-20'
'913ace2f-21e5-46a3-9003-7924de516315','Solar Plant Fisherfurt',257.390,'2018-01-16'
'79360667-8c1e-43b8-9c76-ffe940888c8a','Solar Plant West Nicoleview',366.760,'2016-12-15'
'33997206-8e1d-43d0-97de-45016fb5f651','Solar Plant South Christopherland',177.700,'2016-02-19'
'569532f1-38da-406f-bbf2-8b846750efc7','Solar Plant Jeremymouth',68.610,'2021-09-06'
'8758cb95-f7b7-4f8b-84ce-13aa8981109d','Solar Plant West Kyle',48.250,'2019-01-04'
'74a99bd4-9d86-41fd-a112-c36785be57d0','Solar Plant Jerryview',442.430,'2023-07-01'
'db3b06d1-d23d-4551-bcb0-5c8727a8806b','Solar Plant Lake Melissastad',153.940,'2019-05-11'
'6f789b43-6d56-4230-8f6b-d29907c701aa','Solar Plant Yangport',432.060,'2017-05-30'
'10b119bd-ef9d-4065-97d5-ebae05554b11','Solar Plant East Josephland',207.610,'2020-10-26'
'52fe0f91-99cd-434d-bb67-0f5f93f9bbbf','Solar Plant Owensmouth',257.540,'2023-10-08'
'51e4d3a5-6386-4401-8f59-093df79ee85d','Solar Plant Sarahburgh',11.340,'2019-02-19'
'19f8dce0-ef4d-48ba-ae0f-710b212dfca9','Solar Plant Port Savannahshire',330.680,'2023-11-30'
'd5b64d9e-210b-4870-914e-78b4e6cba354','Solar Plant Port Jack',180.880,'2024-01-25'
'c8db07a9-f3f3-4537-95dc-6e66e4d24589','Solar Plant Zunigaside',286.630,'2024-01-17'
'7c83adcf-81c0-4530-873f-7608fad16910','Solar Plant Jamesmouth',96.640,'2015-10-26'
'621b5cd6-549a-4a8c-ad6b-51b70ed377e7','Solar Plant Hensleymouth',419.180,'2020-11-27'
'd4436740-fac4-43ba-aecf-1ef7c50e2c0b','Solar Plant Mercadoborough',409.100,'2020-05-03'
'38097fe8-9ee9-4d78-b1c1-af7b6d51747b','Solar Plant East Lucas',347.680,'2022-09-14'
'c0dac8a1-fd02-4681-a48f-708d08be930f','Solar Plant Rayfort',390.930,'2020-03-31'
'fb7a4fbd-a505-4bde-b191-daacbddbc55b','Solar Plant Kristitown',233.280,'2016-05-27'
'90c2d64a-6449-4698-9fa2-02a942749329','Solar Plant Goodville',477.140,'2018-05-26'
'6c09c20d-78d9-4a2f-a07b-7c27ad5f1f57','Solar Plant Wallacefort',53.890,'2016-09-26'
'80c22e39-d704-436d-8b88-5254e713d11c','Solar Plant Christieville',451.310,'2023-03-20'
'4a707717-30dd-4d73-a0a7-fb6c068adf03','Solar Plant Calvinshire',94.770,'2015-04-02'
'f3d83f3b-83fb-490c-810d-bd04b146c82c','Solar Plant Williamtown',2.570,'2016-05-02'
'17610eac-0f24-48ed-9ec9-186441cc0c70','Solar Plant Travisborough',184.550,'2017-07-05'
'8cd04d1a-99ec-4b70-9d4d-4f9fa2df6c78','Solar Plant East Jonathan',372.570,'2019-11-04'
'8ef822eb-86a7-4d30-8d72-0d973021ec25','Solar Plant Danielburgh',338.770,'2016-03-25'
'a8cc024f-dfce-4338-afaf-9724708eef74','Solar Plant Hallmouth',104.020,'2020-02-09'
'e141fb92-af53-4793-9161-8d76349c9c40','Solar Plant Tamifurt',115.430,'2018-03-27'
'27080f5e-3e50-40c5-b7d5-1d74de1b3267','Solar Plant Lauriemouth',159.510,'2017-08-11'
'dcbf0b03-e735-4514-9025-63dfc284e4ed','Solar Plant South Julieview',406.810,'2019-06-24'
'1ec9e613-a924-4ad3-8443-d8edfba425d9','Solar Plant Frederickfort',290.410,'2022-12-31'
'7c570af5-9599-45a1-8816-0b77ef794a24','Solar Plant North Judy',371.980,'2021-09-11'
'064c8347-a654-480e-b602-a8a7c8a1248c','Solar Plant Sandrafurt',437.360,'2016-07-31'
'65f590a2-91bf-4bdf-8a88-4974566be6df','Solar Plant South Bobby',173.510,'2021-05-22'
'32a3d6d2-edd2-40d3-bc8d-8b61c40d2935','Solar Plant Amandaview',122.870,'2015-03-16'
'2aad8c14-d388-4410-bc4b-af2720a75823','Solar Plant Coreyport',21.410,'2019-05-22'
'1ade412e-c21c-4dc4-a4b0-638c9e38d645','Solar Plant Smithbury',185.610,'2022-01-28'
'e74c49a2-7d99-4366-9c7d-730556efefd9','Solar Plant North Brandishire',166.530,'2023-10-10'
'cffe8188-ce28-4040-9659-62184f29c58b','Solar Plant East Allison',107.240,'2022-06-20'
'102cd068-6d48-4ab8-bee9-9b7360bd3f35','Solar Plant Sandrahaven',280.130,'2016-10-29'
'27a14363-80cf-4408-bf3b-14b48acefcec','Solar Plant Mcdanielport',491.910,'2016-08-12'
'53cbd26e-1bfa-48e1-822c-f60afaf95e67','Solar Plant Lake Tinaview',183.350,'2022-04-08'
'298b02c4-a369-4086-b945-f6193158abb3','Solar Plant Jeffberg',373.160,'2022-12-06'
'02f0b3c8-5b83-4a49-a217-507640d2c4a4','Solar Plant South Amanda',251.890,'2022-03-31'
'4ecd7187-c9bd-4897-a39b-2b415ecf0451','Solar Plant Jeffreyfort',333.220,'2021-05-04'
'7ac35b69-2be0-4261-9b8d-ec25ee481ec7','Solar Plant East Johnhaven',418.590,'2020-03-04'
'b24959ae-d5db-47c6-9197-81d64a0f63a3','Solar Plant Reidville',317.700,'2017-10-20'
'b2293f88-7c36-44dd-9f78-1b4ad2724578','Solar Plant East Nicholasbury',103.240,'2017-11-02'
'e6f23f03-2ff6-4d25-a450-27b2b2f4c58b','Solar Plant South Ryan',172.280,'2021-08-22'
'0844dca3-0163-42bb-bdc9-84d097dd16fb','Solar Plant South Kayla',382.990,'2021-03-25'
'2858f376-ef96-412a-8240-69e9584d5c9d','Solar Plant New Christinatown',292.720,'2021-01-12'
'7f3d84fc-6cad-47ff-9b3a-00531fddc8e6','Solar Plant West Leslieview',401.230,'2016-10-09'
'399d3088-21a8-4a52-a9c4-be91be2e75bc','Solar Plant Heatherfurt',346.810,'2022-01-31'
'7b2e2835-7ebb-471d-99ea-748b28026098','Solar Plant Port Josephmouth',275.270,'2016-06-23'
'fe1fd562-b108-42e0-b67e-05bf4ac9152a','Solar Plant Port Victoria',213.340,'2023-09-04'
'd1d8f4a0-8c5a-4856-bb54-2c5c1d452e04','Solar Plant Jenniferville',447.590,'2019-11-11'
'adea6238-20b3-41bb-959e-a94ed6e58938','Solar Plant North Brittneymouth',61.260,'2018-08-14'
'dc925269-7d65-4283-a1b1-bb1f1c8fb074','Solar Plant New Kristopher',497.150,'2016-06-19'
'2aa4745d-7d15-4e01-aeea-8166c0653a3e','Solar Plant Morganshire',41.270,'2022-12-24'
'f3723de8-5e0f-4e5e-93e6-8015add9b560','Solar Plant East Thomas',251.820,'2018-06-30'
'64ea1e5c-0d0c-46bf-a09c-ad08f40a886c','Solar Plant West Charles',21.430,'2020-09-10'
'e77a5e04-718d-4fbd-b787-d496301a7ac4','Solar Plant Rodgerston',241.900,'2015-03-11'
'7f267419-4de1-4870-80b9-ce5a184b4b8a','Solar Plant Pughfurt',298.320,'2020-04-05'
'0412114e-cfac-4e29-b59f-855c78ef10ad','Solar Plant South Nathanport',230.170,'2019-01-18'
'426396a9-e27c-4239-80ec-da2f6db7dc20','Solar Plant Dawnport',399.030,'2016-12-28'
'3170fbc0-eaea-48a7-94a6-27f04942e827','Solar Plant West Elizabeth',317.740,'2016-07-02'
'765fff5b-76d7-42f2-90d5-626d024b5d3a','Solar Plant North Susanfurt',147.710,'2018-09-18'
'2d3fc07a-96d4-4aa4-bdb8-a0b0e3d6b6d8','Solar Plant Brooksmouth',43.700,'2020-08-23'
'c610f166-586e-462f-b670-69a50041daf1','Solar Plant South Hannah',61.820,'2022-02-03'
'0d8fab69-e294-4be7-ae79-cafd4c5319f1','Solar Plant East Crystal',8.660,'2024-02-12'
'7d5b4f27-65ed-4582-bb99-27a6788dd00b','Solar Plant North Amytown',196.420,'2020-05-05'
'99bc9d09-52a5-4f15-a0a3-041870cfa999','Solar Plant New Michael',143.530,'2016-01-25'
'de99b21f-d528-4686-9115-b02629f729ac','Solar Plant Bennettport',216.190,'2018-06-22'
'726397b9-80ba-47a0-8d45-7a3f9d8d8708','Solar Plant Steinville',288.400,'2023-07-11'
'70cd3387-9b02-4149-8aef-62ee15e493cd','Solar Plant Rhodeston',225.660,'2023-10-01'
'47f397be-2783-4a13-86c4-dab6d89e631c','Solar Plant South Danafurt',489.790,'2017-07-21'
'd056c79b-2323-4edb-8c8d-ffe7bbae720c','Solar Plant South Annburgh',298.980,'2023-10-19'
'b3f94881-c38a-42a5-8a3d-e52fec29a8b2','Solar Plant West Adamchester',424.330,'2020-06-19'
'a23923bf-f728-49e9-a3b8-80a1e45c2e5c','Solar Plant Port Samuel',360.460,'2020-02-13'
'fbdbc772-92fd-4500-8fe5-de65c4166227','Solar Plant Arroyoton',260.050,'2022-11-16'
'7db8c3d9-96cd-4194-b0c7-848c81a817eb','Solar Plant South Christopher',381.050,'2018-01-07'
'8a335515-c78b-4b33-b689-06a9c9d87ce5','Solar Plant Lake Aaron',415.880,'2021-11-09'
'4375e2b6-6abf-4dd5-bf3a-c7ab8712edfc','Solar Plant New Lisa',134.790,'2018-04-25'
'24350866-e1cf-402b-a233-179f80eab8ed','Solar Plant Wisechester',308.990,'2022-08-31'
'061603f2-ce14-439d-b557-1685d3eee315','Solar Plant Martinton',105.710,'2024-02-01'
'8e08fafa-5f19-40a3-9077-8eed2f45b318','Solar Plant Georgeton',308.360,'2021-07-13'
'73c1102a-5870-49ef-9727-6c6b37c7f67e','Solar Plant Alyssatown',118.740,'2016-08-12'
'fbe393ff-0355-4996-88bd-6e613e782cd6','Solar Plant Kimberlyview',157.400,'2018-02-04'
'c8e08b48-bc1f-467e-b9e8-436c0502f836','Solar Plant Jessicastad',137.570,'2017-03-31'
'df41229b-38b3-4e29-94b9-eb075c79e412','Solar Plant North Stephenton',143.180,'2016-02-07'
'7a37407b-f778-4e38-b7a9-af8d7d56031e','Solar Plant West Ericahaven',395.570,'2016-04-07'
'3ed86104-5049-4ff3-a674-04c2de370463','Solar Plant West Derrickstad',75.900,'2015-05-16'
'85ef37d9-9b0b-4388-8f1b-ec74a9cb422c','Solar Plant Port Jenniferville',172.590,'2020-11-07'
'47e57ba9-eea6-4aa1-a6a5-007c1b5aed96','Solar Plant North Eric',205.750,'2017-02-13'
'7cb20f0f-96e5-44d7-8c09-374e24471c59','Solar Plant Port Tyrone',158.470,'2019-02-02'
'44e4b100-5f0f-4984-a6b1-575436c0288c','Solar Plant North Manuelhaven',163.520,'2015-05-14'
'f17be8ad-09f6-4fdf-9231-876c1692da18','Solar Plant Port Veronica',403.790,'2023-06-09'
'c3b8db26-d331-421e-92d2-560911c4d425','Solar Plant Port Johnport',54.050,'2017-12-21'
'cecd4044-49e0-4d95-b4e4-14bb6ae934a8','Solar Plant Lake Michael',79.370,'2017-04-14'
'ea2db73c-6d59-41b5-b11b-d69754bb2b73','Solar Plant Stevenville',209.830,'2015-11-06'
'595f7ec3-357f-4824-854c-25b19d1927d4','Solar Plant Stewartburgh',86.240,'2023-03-05'
'e643d24c-714b-4fb1-9904-f021de3030c7','Solar Plant Bowerschester',229.520,'2022-08-15'
'7940c7b7-eb35-4d60-9557-9a0ba078cb89','Solar Plant West Ryan',319.050,'2017-09-06'
'e964d979-f907-4779-b69e-2e3476bb613a','Solar Plant Port Cody',388.240,'2015-10-13'
'fba6ddd9-afcb-48e8-8080-747e6f04e753','Solar Plant Williamsstad',60.640,'2021-11-11'
'9023cc38-d5ac-44f6-bfbc-acf304d8cdd5','Solar Plant Lake Danielmouth',401.680,'2023-09-18'
'acbb7980-a8f3-4056-8dc4-d57d5d2acf87','Solar Plant Katiefurt',493.290,'2022-07-25'
'8a549615-d378-4df9-8bc3-3e01ae762582','Solar Plant New Laura',250.320,'2023-03-16'
'e3058d2b-04ff-4dbc-a8e8-0331113aab99','Solar Plant Davilaton',322.540,'2021-12-01'
'b674d0fa-3490-4e49-bbd9-edd8ab33236b','Solar Plant East Sean',101.850,'2015-12-10'
'666ab0a5-5b8a-4127-aef8-52b8354c9c82','Solar Plant Shirleyview',495.600,'2019-09-02'
'ccea7aca-f5d5-4d18-aba1-ac8722266d0c','Solar Plant Shawnmouth',231.510,'2022-06-11'
'8794a325-e8cb-494a-a74a-c03a742ff4cc','Solar Plant Angelaport',143.550,'2023-05-30'
'6bf6c4c8-ccb0-4d2f-bb2f-5f8c2a7092eb','Solar Plant Chavezchester',321.190,'2021-09-02'
'3a7f0379-a3ee-4374-9406-e444a7d42818','Solar Plant South Kathryn',244.790,'2017-07-07'
'0111f9c4-6303-414c-a8cd-ca155cae7c44','Solar Plant Alexismouth',425.150,'2015-06-03'
'05f1bf5d-556c-45cc-954c-02fd5424ce4a','Solar Plant Bennettfurt',203.650,'2015-09-17'
'cd0261c0-05c0-4394-9060-578cdcdd1df7','Solar Plant Ashleystad',444.430,'2020-02-20'
'12f48963-00c5-4fcd-83dc-3499fbb2a814','Solar Plant East Brian',224.980,'2020-05-25'
'074bc27a-e233-4445-829f-de8753f14bcf','Solar Plant West Christianberg',131.110,'2016-04-14'
'e2f50944-b84b-4d4f-805f-4bef7b1105fb','Solar Plant Mckinneymouth',402.500,'2016-10-28'
'e82ca357-9471-4b9c-94e8-4b37b6c89465','Solar Plant Kimchester',214.050,'2015-12-13'
'9ee2bd9b-524a-47b3-8def-41f3b99a8af9','Solar Plant East Kevinton',356.800,'2019-05-22'
'164ce79d-cbda-44e2-9d25-058ccd6b344d','Solar Plant New Jonathan',376.730,'2017-02-15'
'66530a77-4d51-42c6-a751-ead9a333d647','Solar Plant East Aaronshire',4.520,'2021-12-21'
'f7947291-4d2b-4a9b-a550-006306bc8471','Solar Plant Port Dwayne',344.950,'2021-04-01'
'9a516d03-9e94-4141-9863-44436014b89d','Solar Plant New Adriana',413.010,'2015-03-03'
'7a2f662e-f68c-4f07-8eda-2f013cfa66ca','Solar Plant Stevenston',298.760,'2023-01-07'
'b707a052-7bb8-40a5-a112-9587d4671187','Solar Plant North Anthonyfurt',37.000,'2016-06-18'
'6680109e-d71f-4216-8139-351b94ca606f','Solar Plant Terrellshire',168.150,'2022-02-13'
'815840fe-f8d6-445e-9f35-0a0e99755822','Solar Plant South Christy',282.030,'2015-12-24'
'b99d9fd6-ec2e-44ea-9266-03490ba1954d','Solar Plant Kellyport',421.970,'2019-07-24'
'8684507c-6ff4-4f6a-bf2f-803ee14cac30','Solar Plant Wilsonfurt',340.730,'2020-02-21'
'bac5b876-1f28-4646-ae29-1ce8c3efd69b','Solar Plant Lake David',401.770,'2021-11-07'
'a3043fbd-9a2a-45f4-9445-c2472752f9d3','Solar Plant Sheilafort',312.420,'2019-06-16'
'08cda69b-cc16-4c3e-adec-20c66d4c2c1d','Solar Plant Craigborough',358.110,'2017-05-11'
'39b5335c-3368-47d9-befb-a32a0034dace','Solar Plant Bethanyland',172.060,'2019-11-13'
'e03c496a-f99b-4853-b53e-0f96d49a0d76','Solar Plant Conleymouth',200.160,'2018-02-20'
'a93ecebd-4e2a-400e-9b3b-7f4f33e1673b','Solar Plant Steinland',233.870,'2020-02-07'
'3d8337bd-fde1-4984-8076-c8bae5459c74','Solar Plant North Cynthia',349.930,'2017-02-18'
'4bfce366-9f6f-41bd-aa08-e27b5996508c','Solar Plant Vaughanstad',7.980,'2019-07-21'
'b053d916-1c39-457a-b4cb-c8dd6efbb3a5','Solar Plant Scottmouth',306.150,'2018-06-22'
'e1c49278-11f3-42ef-9296-32d370383dd2','Solar Plant South Edward',457.560,'2016-04-03'
'2d672c92-766a-4d56-a9d2-e5267127d483','Solar Plant Castillomouth',473.460,'2020-04-18'
'd4be4f41-21df-4383-b2e5-06d40d24d87f','Solar Plant Port Anthonymouth',338.660,'2017-05-19'
'c8b5a558-c5dc-40ab-b197-7c306b035293','Solar Plant Port Diane',365.820,'2016-09-14'
'8d7ace2d-c79d-40fd-b3eb-bd258eff49f7','Solar Plant Vanessastad',82.890,'2018-08-12'
'ade826ad-0882-4862-ac41-ba56164c466b','Solar Plant Gibsonshire',224.850,'2020-09-10'
'52627753-11b7-4e47-a8fc-b951aea737c6','Solar Plant Stephanieburgh',88.400,'2015-09-11'
'2d3338e1-7b43-40a3-b006-ce98cb1b0392','Solar Plant Port Robert',369.840,'2020-12-26'
'd8fb8735-ba91-4d64-9d00-001b7d97ee4f','Solar Plant North Joshua',148.560,'2017-07-09'
'3a7ee6b8-2ee7-46fd-bb96-d8b51fde7983','Solar Plant Lynnchester',498.750,'2023-06-08'
'8e6f7ca9-0eb4-41d8-95af-82031e2c3167','Solar Plant Andersonchester',113.220,'2019-06-05'
'2f87a310-a0fb-4043-9e1d-3f60d0d4c179','Solar Plant North Daniellemouth',463.350,'2020-07-08'
'127ede87-b8aa-48e5-b3e6-8b2564723e49','Solar Plant Smithport',133.570,'2016-11-29'
'63023cb7-6e17-4f9b-b378-26695f978c40','Solar Plant West Catherine',497.610,'2017-11-25'
'119b94d4-5b57-425b-aa4d-c9216c0ad868','Solar Plant North Larry',122.220,'2021-06-15'
'bd64d68e-8688-49e9-9286-603ae02ebe93','Solar Plant North Megan',258.320,'2021-10-28'
'09e8520b-e66c-41bd-bbec-59d540605359','Solar Plant Thompsonton',436.250,'2022-02-14'
'365bc78d-fabf-437d-b61b-e67c73c6bc83','Solar Plant Port Meghan',44.860,'2023-02-23'
'a0af9092-4f23-4ccc-a40c-26a57a4af648','Solar Plant Shahmouth',261.390,'2019-08-20'
'91689e6e-35bb-4e86-98d5-6ba4b53dd1ca','Solar Plant Paulaport',23.820,'2020-11-02'
'e462d76f-b476-4fe7-a00b-8062b8c3a914','Solar Plant Rachelfurt',447.910,'2018-04-06'
'e739e524-e9c1-4dd0-af91-7d4b3c9f3b4c','Solar Plant Lake Maria',50.340,'2019-08-19'
'e9cf0bd1-f18f-469d-bf15-3e453c523810','Solar Plant Mooneyville',130.330,'2021-09-11'
'65f727ad-0f49-4168-bb1b-54e2b6d8d924','Solar Plant Jacksonfort',233.760,'2020-06-29'
'eb02101f-82a0-42b3-b9df-eca953ad285e','Solar Plant Nathantown',421.620,'2023-05-08'
'3d56447a-b265-44c1-875b-d1aecbb8c77a','Solar Plant Edwardmouth',402.380,'2021-07-20'
'24646de9-430d-40c6-a524-b329acf60840','Solar Plant Lindatown',61.220,'2018-03-26'
'1cd91e25-f189-4521-b486-6ec09d8c7971','Solar Plant North Linda',194.320,'2021-03-13'
'52677ee0-07ba-4143-b027-20355f27348c','Solar Plant West Danielport',187.250,'2017-10-13'
'86b81526-8961-4801-bd2f-21e9b3b16eb2','Solar Plant Nicholsonfurt',492.790,'2015-10-26'
'442f49dc-461d-404d-b8fd-a03b3671206b','Solar Plant Spencerborough',450.000,'2019-10-17'
'8cfeddd7-3dcd-48ac-967d-2105e7027617','Solar Plant North Jeffrey',194.580,'2019-10-13'
'ecabfef3-3d3d-4cd4-bb68-4578cbfc2930','Solar Plant North Matthew',183.260,'2020-02-16'
'3f9190a9-a452-4de4-946c-c0de00953837','Solar Plant East Peter',165.620,'2017-04-24'
'548378c9-932d-4c65-b52b-3dd6ee599abc','Solar Plant Davismouth',319.410,'2023-11-11'
'd253d11c-b74a-41ba-9d1f-e3085852051b','Solar Plant Edwardstad',390.190,'2023-12-02'
'b7d31ed2-72e8-4bcf-ba90-6ef8d2cf20e8','Solar Plant Traceystad',220.400,'2021-07-22'
'db895e8e-4532-465c-83b6-e573ccd1f790','Solar Plant New Ashleyfort',215.410,'2022-09-27'
'7400d94a-948c-45d3-87fd-9769644d8bd8','Solar Plant West Bianca',330.930,'2018-04-11'
'330d1715-36f1-4f12-ba3c-b8a914f8d724','Solar Plant Kristinburgh',197.460,'2022-07-05'
'a1ab5125-5fce-4fb8-853e-40f4ea20e4d8','Solar Plant Lake Nicholaschester',173.110,'2021-10-10'
'bc8f44db-3a17-4875-9f85-d50522826dc5','Solar Plant Lake Raymond',53.050,'2022-12-05'
'80fcee7f-69fb-46d8-8b2c-ecf01a06621a','Solar Plant Singhside',431.100,'2023-04-11'
'3b9d1a83-8406-46ae-900a-6f970332ee54','Solar Plant Timothyfurt',121.970,'2017-07-06'
'4b1ea2c0-a0da-4eb5-9f09-11bf506d2dcd','Solar Plant Marieville',407.690,'2015-04-29'
'd644a6ea-02b8-4af9-a643-26dc71249c80','Solar Plant Lake Jamesville',442.020,'2021-01-15'
'23cf5aaf-43b5-4d94-97f3-1e030b7a88ff','Solar Plant Lake Steventon',78.810,'2021-02-01'
'f4fe73af-a0df-486c-bb8f-2d0bd03d168e','Solar Plant North Justintown',103.180,'2015-04-10'
'04b3637a-493d-4fec-864a-1ca6cb2c1a02','Solar Plant New Davidton',443.220,'2024-02-05'
'831e6043-fd7b-438a-b37d-471e3f3f2dbf','Solar Plant East Vanessatown',348.690,'2022-11-02'
'67af17ca-f477-472d-8ce7-36b78a267463','Solar Plant Denisestad',480.590,'2016-12-10'
'6ccca3ae-f01b-4918-8ef2-44ed36e62d6c','Solar Plant East Laurenport',340.570,'2019-01-12'
'87e5bf21-774b-44c8-9d65-153e95d5b7dd','Solar Plant Allenbury',434.990,'2019-07-12'
'a9f75fb6-e51a-41d0-9668-10b0d0516bdc','Solar Plant North James',145.720,'2017-02-09'
'b2e34091-d56f-4c6b-8199-a4bd98927d5d','Solar Plant New Edgar',379.330,'2017-11-15'
'72339dcb-14cd-4087-b9af-50674fb332e7','Solar Plant New Lauraside',240.440,'2021-05-05'
'6a80ef4f-565c-4b58-8252-a26abc4f8c61','Solar Plant West Matthewmouth',290.710,'2019-11-28'
'5a950346-24f5-45fe-af69-b08f8cbbaef4','Solar Plant East Brucefort',187.800,'2020-02-22'
'15283421-a3d5-449b-afcb-3860a05ac851','Solar Plant Reyestown',130.710,'2021-02-25'
'762042f7-5327-4f26-a863-e60b3146d5f1','Solar Plant New Andreabury',337.070,'2016-06-08'
'89e7a5d0-7a12-467b-844a-c056444adda0','Solar Plant Robinsontown',129.570,'2022-11-23'
'b81d687b-90fa-4806-86f1-b08159f433e2','Solar Plant Kellyport',350.600,'2015-07-26'
'32b4da51-1217-4de6-86ab-7fce41a6afcf','Solar Plant Christineview',18.070,'2022-11-24'
'abbcb84a-0c81-4a22-847d-06e1d20375fa','Solar Plant South Michaelborough',47.650,'2018-10-29'
'cea135a5-175b-480b-9e2f-aab6440281cc','Solar Plant West Nathanfort',144.140,'2017-12-25'
'1a4ec635-80b5-407c-98aa-5e4885188dcf','Solar Plant Sarahview',377.900,'2023-12-09'
'38c47a2b-e9d5-45b7-a76a-97a0ba9b3356','Solar Plant Nicoleberg',394.370,'2015-12-25'
'907f7927-17ff-4333-905f-110e9852464e','Solar Plant West Nathanberg',67.430,'2021-02-24'
'eb9997d4-42e4-4b73-99ba-08795f83def8','Solar Plant Kirkfurt',211.930,'2015-09-19'
'09089955-7e72-4c2b-8fa7-12a3857d26f6','Solar Plant Frostborough',414.840,'2018-01-05'
'f052f71d-7671-431e-9cf7-8bcee91c5edd','Solar Plant Mikaylamouth',214.500,'2015-05-17'
'fc9ef7be-0a7a-4693-875c-cdaf935fc795','Solar Plant West Kristine',367.410,'2021-07-19'
'7e3d73a3-6afd-48e6-b5b0-aebe74b8c2be','Solar Plant Lake Karen',356.560,'2022-05-31'
'99fcbdf8-74fe-4ef9-961f-e75b1d0907e5','Solar Plant Stephanieview',258.710,'2020-06-04'
'3f534706-39ca-4d8d-a5c2-54434bfc9513','Solar Plant Lake Stephanieberg',39.090,'2015-10-09'
'e3b190a2-aa6e-4a85-affc-9f084b499889','Solar Plant New Scott',28.250,'2021-02-04'
'35aac876-0bb4-45f4-943a-a227835872ad','Solar Plant Fergusonberg',42.900,'2023-12-31'
'6305e404-8010-4468-9eee-609094ec62cb','Solar Plant South Scott',309.890,'2021-04-24'
'4c037512-c9b5-408c-977d-a32cb1762f7a','Solar Plant North Marychester',35.590,'2016-05-23'
'50e2571c-62a9-49f6-bbfa-bb20b7a6b428','Solar Plant Andrewmouth',166.730,'2021-01-11'
'826557d8-0ed0-4e88-ae62-e1c97488067d','Solar Plant Lake Clinton',409.750,'2016-02-24'
'34e545cc-0fad-403c-bac9-84a07cdec083','Solar Plant West Justin',359.230,'2021-03-28'
'd8c7f5d0-9bb2-4ace-88e2-81939354386e','Solar Plant New Thomas',497.840,'2018-12-16'
'00a6cf27-9040-4600-91a3-56c4ee38ff83','Solar Plant Paulbury',399.320,'2017-08-21'
'085a0fb1-a9c8-4fcd-8280-41a0e1e61b03','Solar Plant North Meganborough',250.690,'2015-12-30'
'c70026e5-cdec-418f-bade-b61e36b763cf','Solar Plant Robertport',67.900,'2017-09-01'
'56875eae-f4f5-49d3-a0b6-bf7e694d182b','Solar Plant Petersonstad',415.770,'2017-04-23'
'ebc7aeb1-0b5e-4964-98f9-cf3e55d26fb8','Solar Plant Rileyville',387.800,'2017-11-30'
'72297582-9b23-47a2-aa5e-e5df47a10bcd','Solar Plant South Michael',445.020,'2016-08-29'
'09c53241-56f7-479c-ae72-2eee4ad8ab73','Solar Plant Lake Brookeland',33.670,'2019-01-27'
'4b6e41e8-7473-4603-85db-fd511f48a919','Solar Plant Lake Lori',108.160,'2019-01-28'
'a12bafca-0ade-43ad-a3f4-91655438ffea','Solar Plant Elizabethburgh',252.570,'2023-01-23'
'2b8ea616-c705-4a18-b039-b484ecf892ea','Solar Plant Shelbyfort',186.840,'2016-03-23'
'044ce998-5502-44c0-868a-c7100d87d01b','Solar Plant Michellefurt',420.570,'2016-05-26'
'93bd8650-265f-4dca-9ceb-884890f81b77','Solar Plant East Michaelhaven',148.210,'2018-02-21'
'ecf13351-efe3-492b-9b56-eff65b4563d3','Solar Plant West Jenniferport',130.360,'2018-07-11'
'd781e3c2-8626-46a2-b7be-e70e369bfd4d','Solar Plant Lake Carl',462.710,'2022-07-23'
'dacf3aac-11d7-4c7d-b0a7-c33b808709e2','Solar Plant South Robert',199.860,'2019-06-17'
'eabecf38-bacc-4186-b811-ef3d589a9c6e','Solar Plant Lake Gina',88.810,'2019-05-16'
'0898ad33-8307-4395-9175-1dbc3b6b7cdd','Solar Plant North Nicholas',388.680,'2019-03-01'
'bf7ae7f0-1848-45bc-90cc-e5683cbbaf42','Solar Plant Dixonville',294.230,'2015-11-23'
'c527d51c-6eca-444e-bbf1-3e33df3deedf','Solar Plant Kathleenview',237.260,'2019-11-09'
'72bdfc5d-7b42-422a-a68b-97ca8de458a7','Solar Plant Whitneyfort',412.860,'2017-06-24'
'8c34f66d-75ce-49f7-9095-5605533ea116','Solar Plant South Andrew',337.770,'2019-08-17'
'51177f73-9b95-4671-92bd-86b07e072335','Solar Plant New Tyler',130.190,'2016-09-27'
'923ebc0c-df7f-4ad6-8264-592aeab49da9','Solar Plant Lake Gregorychester',197.590,'2019-02-13'
'a80236e4-2b03-4fba-bc66-5717e7924013','Solar Plant Cookeberg',245.070,'2022-01-29'
'59949d62-9710-45b1-af31-6138f4271168','Solar Plant Lake Emmaborough',332.430,'2018-06-28'
'1fe680c8-4ff2-4eb7-9393-a78f8d0dc545','Solar Plant Thomasland',490.560,'2018-10-23'
'bc1b6da0-3851-4228-b397-2b3b7b60d848','Solar Plant Whitehaven',499.160,'2019-03-27'
'bbea432c-1976-4886-b914-bd3cec2460ca','Solar Plant East William',31.720,'2015-04-11'
'5e6d743c-5053-41a3-9921-6c5232f69455','Solar Plant Haleyfurt',45.090,'2019-05-10'
'f9e30f0a-cf1a-4490-bb7e-ae8131389ebc','Solar Plant Lambertstad',462.470,'2016-02-21'
'0538e18c-52bf-4580-8533-e9bd0133f42e','Solar Plant Karenborough',269.060,'2018-04-03'
'6b029a1b-7422-45dd-9db9-9593b36e6ffb','Solar Plant Bowmanview',418.020,'2020-10-08'
'ca0e3217-d91f-4427-975c-d45c8dc9427f','Solar Plant New Rebecca',155.370,'2017-02-13'
'5327e0d2-5155-426c-8aa4-9229c60ee27c','Solar Plant East Erik',320.530,'2022-07-26'
'5511673f-5b30-461e-90d2-09456e59753f','Solar Plant Joyfort',469.750,'2018-11-28'
'd2025ebf-093e-473c-afaf-2d5616eb77e2','Solar Plant West Julie',84.420,'2016-05-15'
'2ede9af0-196e-4778-abb4-e0b95a9505ec','Solar Plant Port Leslieville',99.040,'2019-02-22'
'ad026e9f-1831-4a14-82ef-3cdad83cfcd3','Solar Plant Lake Joelton',401.000,'2019-11-03'
'19d5c974-d46a-4309-a2d7-744215d9ca2b','Solar Plant North Ariana',492.590,'2015-11-29'
'70a1a7ac-7a6f-45ac-86e4-8956079829e4','Solar Plant Aaronborough',50.630,'2023-07-07'
'f5fdd479-50e7-4fbe-8bb5-15b587a4f657','Solar Plant South Briana',329.200,'2023-07-09'
'd8a338ab-6d9d-4aea-820b-480eaca00738','Solar Plant Matthewland',36.260,'2021-01-10'
'9e9062eb-772c-4d36-9612-ffdb444b4b9b','Solar Plant Walterborough',151.320,'2017-06-26'
'd01cbccd-14ff-47e6-b15a-2b37ff34dee9','Solar Plant Torresmouth',38.730,'2016-06-24'
'0e7ac5dc-14ad-457d-99e8-6a491199e90a','Solar Plant East Cameronhaven',20.930,'2017-09-09'
'3664e144-902e-43d3-a472-5756388f6025','Solar Plant Cherryport',335.880,'2018-01-02'
'937096e1-f6cb-4ed9-98f9-a3c4ad61081f','Solar Plant Wuside',93.410,'2017-01-28'
'6c7a3fa4-2079-45bd-adfc-720f5fd83b5a','Solar Plant South Sophia',493.350,'2020-11-14'
'08939be6-c08d-4df7-bc3c-9385191abf0a','Solar Plant Romeroview',448.570,'2018-01-18'
'5828d55e-8495-4b98-9d3c-5cb0a03c210b','Solar Plant North Martin',413.070,'2017-03-29'
'f7d7afcc-800a-47f1-ab46-6aef71a55182','Solar Plant Lake Tammyland',27.190,'2018-01-02'
'7709d5e6-12dc-4c8a-a92c-033305b807fd','Solar Plant Selenafurt',29.580,'2023-02-05'
'6355a916-c81c-4d61-81c3-f0323937ad1b','Solar Plant South Jacqueline',221.020,'2017-03-31'
'a151be26-3e1b-4de4-a865-0d96140843ac','Solar Plant North Tonya',16.770,'2018-08-14'
'514cb8d8-e313-48ee-90df-9b7f4844a047','Solar Plant New Tanyachester',455.500,'2023-10-24'
'2e07179d-8e46-4766-b708-87cc246fc9fe','Solar Plant Powersfort',100.220,'2015-04-29'
'007974ad-ef38-4d2e-9c5a-19a5bff49ea1','Solar Plant Johnton',445.120,'2018-08-31'
'b2f98cf8-6629-4203-82b4-b85bf63313f5','Solar Plant Port Christopher',498.370,'2017-06-26'
'95f8416c-e1d9-48c3-9f95-b5625cf42378','Solar Plant Dickersonhaven',416.910,'2023-09-17'
'b17df9c9-b974-43da-ab15-729e401d98fa','Solar Plant Carlosville',181.360,'2019-12-28'
'7774e7f5-6548-4afa-b674-65139956f0cd','Solar Plant Chelseaburgh',133.710,'2016-05-07'
'ceb712cc-5a5f-475d-a8bd-e0a97b19f14f','Solar Plant Lake Christian',100.870,'2020-03-14'
'9d817d81-f1f9-4675-953f-64f496e413d1','Solar Plant Codyton',121.990,'2021-11-15'
'135f9afa-9622-4bbe-ad13-5485d015adb2','Solar Plant Port James',20.120,'2015-12-07'
'5c0078c0-95e0-46c1-b2c7-eadf43d3a600','Solar Plant New Sarah',124.710,'2016-03-15'
'8f9cd91a-61c8-4e8b-95a4-f7985881ab25','Solar Plant Kristinhaven',324.140,'2022-03-10'
'2940e216-19aa-48a2-94ae-0332a431857e','Solar Plant Port Juliemouth',372.180,'2023-12-30'
'e42a1f8b-8961-4cd7-8cb9-0ef5249a3463','Solar Plant Lake Rebeccachester',433.480,'2018-04-28'
'1313e85b-2609-48a3-9c33-930c89f532d9','Solar Plant Kimberlyburgh',15.830,'2019-09-21'
'777d367f-04d1-48bc-8e01-e663355b4612','Solar Plant East Matthewberg',187.330,'2018-03-31'
'4c81d8ce-f5e0-4faa-8b23-565cbd23e740','Solar Plant Port Shawnville',133.380,'2024-02-09'
'fa99be43-6bee-43b6-ab87-8a0bf26ab1ee','Solar Plant West Justinmouth',237.430,'2018-03-30'
'08788854-8e74-4562-8963-bcd05d124088','Solar Plant Michaelfort',321.630,'2018-12-06'
'2d1c7b47-f2a4-4258-b1e8-6fe88c0d85b6','Solar Plant Deleontown',473.440,'2021-09-30'
'7ac0376d-80cd-4ffc-bb6a-a24fdafa1c79','Solar Plant East Molly',284.950,'2018-01-24'
'ad23e810-b096-44e3-814f-a86d77d3fc5b','Solar Plant North Chase',252.150,'2019-04-03'
'a364324e-da18-4420-ac32-edde7ec9e7aa','Solar Plant Bethborough',384.310,'2015-09-27'
'08071a2e-1b40-4e18-a45e-8c11a865c2eb','Solar Plant Acevedoland',65.150,'2019-08-19'
'5a4ef16d-a438-450d-952a-c302533f5cbd','Solar Plant Dennisberg',455.800,'2023-06-17'
'03f87b7e-989e-4d7b-9fe1-6f5ee12f07b1','Solar Plant Robinsonfort',493.780,'2021-05-07'
'e68f28cf-f2c2-439c-b275-933b49546383','Solar Plant Lake Lynnmouth',118.510,'2017-07-08'
'944d4a23-485c-48ee-8b2c-84cb8781061f','Solar Plant Penaland',479.320,'2022-01-02'
'a6243a4b-9a3c-487d-b8e0-5e8299f46e48','Solar Plant Mcdanielshire',448.210,'2021-06-07'
'a547efa6-90f8-4103-912f-177a55a0283a','Solar Plant South Deborah',346.510,'2015-03-05'
'206f9ed4-6644-4622-9b3d-2fbf8731503d','Solar Plant Marcusfort',314.570,'2021-07-04'
'45727711-6cc5-4c9a-8a6a-caf431e4f1bf','Solar Plant Robertburgh',76.120,'2023-04-08'
'341f71d2-adac-4849-a9b8-581d522970a8','Solar Plant East Bradleyberg',367.640,'2019-09-27'
'357e07e6-3975-46a2-9aeb-bb565fc3afb3','Solar Plant East Elizabeth',217.470,'2019-03-05'
'67592713-ddb3-4ee1-a73d-b76ef7d6ea4f','Solar Plant Port Deborahmouth',432.590,'2022-10-08'
'22d9e052-a17f-4417-b9b2-4ad0184c5d50','Solar Plant Lake Karenberg',428.380,'2015-03-27'
'c2b4e99f-d68e-4f17-be63-dede1d1c2e1b','Solar Plant Lewisland',163.010,'2015-10-11'
'750b45e2-d59c-47cb-9d7c-c058633a892f','Solar Plant Rodriguezhaven',327.810,'2017-08-08'
'0dd2075d-ff72-4ab2-85dc-2fc1242457a0','Solar Plant South Williamshire',264.590,'2015-12-03'
'77aae402-c832-4aca-b2a0-d9fa97516e68','Solar Plant East Karen',271.880,'2022-09-16'
'5a86c638-3e78-4e0a-a0bd-bc86492ae931','Solar Plant East Michaelview',262.860,'2022-08-18'
'0c2afe51-707d-4ded-8545-dd1faf40d467','Solar Plant Port Anthonychester',254.880,'2021-12-02'
'7175cf82-7fd5-4cb1-bb4d-351c58830f91','Solar Plant South Louisborough',179.910,'2016-11-11'
'32cbbd4a-3c88-4177-8e9f-126c6a6a140b','Solar Plant Serranofort',157.890,'2016-07-28'
'02b2f205-7fd2-4f40-9dc1-b77653372e61','Solar Plant Joshualand',115.820,'2020-05-26'
'31c3f569-8792-432b-97df-2c0d5a3a98d9','Solar Plant South Katherineshire',150.130,'2022-10-30'
'624d607f-0361-4398-800a-c7f1f5d553d9','Solar Plant Tatestad',139.060,'2022-05-18'
'55fdb349-a6cd-42cb-9d29-c9668ab21a45','Solar Plant Novakmouth',47.080,'2023-01-03'
'16da9722-3df8-4c4c-8324-f743229d3e17','Solar Plant Shelbyshire',232.590,'2023-02-21'
'127249cd-394a-480d-bdcb-bdc3084f1cbb','Solar Plant West Ralph',422.830,'2016-11-11'
'c915c842-9289-4a7a-a339-842f7906a22a','Solar Plant Maryhaven',355.380,'2019-12-29'
'7410be62-0a20-43c7-b101-178edd8f900a','Solar Plant New Allen',209.030,'2019-11-08'
'd0e504f3-64bc-4d83-bab0-76c95bc20269','Solar Plant Lake Nicole',159.590,'2015-08-31'
'03c6b75d-9434-41db-abf8-77c834625145','Solar Plant Lake Madisonmouth',104.050,'2022-04-17'
'a12daf01-8d41-4cfe-b256-68afe9a3e52a','Solar Plant North Stephaniestad',362.290,'2023-11-09'
'4e238af5-0a45-4024-a430-c95101582887','Solar Plant Rodriguezberg',485.750,'2019-10-29'
'fc4caa01-0add-496e-8c20-8f1268a0e196','Solar Plant Port Victoriaborough',184.340,'2015-06-18'
'ea13c848-1996-421c-b757-3961fa8f16a8','Solar Plant New Josephshire',465.660,'2016-12-19'
'93d88b87-0e3e-4955-a486-80636dafdf5f','Solar Plant New Elijah',109.880,'2019-08-17'
'd411d3aa-73ef-4334-9a61-a24c6da88aa7','Solar Plant Timothyfort',382.760,'2023-07-17'
'63a2abe9-76cc-42af-9900-d3231699c577','Solar Plant South Dustintown',51.600,'2016-09-23'
'ad01feb9-2c6c-4e01-923a-1a7257bb0a0e','Solar Plant Danielberg',272.830,'2021-06-15'
'2681657f-c253-4d50-af40-bdcfdc57b2c7','Solar Plant Billychester',314.140,'2017-11-27'
'cf96e8ff-8061-437b-ba26-64006684091e','Solar Plant Livingstonberg',365.940,'2016-07-22'
'ff20a5f7-2950-4916-af84-bae8455bfe94','Solar Plant Port Jacquelineview',288.750,'2021-03-24'
'22661349-3b90-4752-beff-421702dbcac0','Solar Plant Douglaschester',476.550,'2019-03-25'
'889c0d57-7f7a-4ed2-b1a7-cdedff41e651','Solar Plant Bradyfort',431.270,'2017-04-02'
'b47fdc0e-1059-4d06-a926-2ba7da401445','Solar Plant East Desireeville',106.170,'2019-10-13'
'382a3e07-23be-4dfa-aa33-e342275760fb','Solar Plant Barbaraburgh',459.910,'2016-12-13'
'119b5377-f030-4375-be42-9c742981d267','Solar Plant Angelahaven',281.550,'2017-08-17'
'e896ac88-b6b6-4ec1-9779-c0e90a1959f6','Solar Plant Lake Melindaville',150.170,'2016-10-04'
'9ec16160-5c1d-4c5e-8e54-25700deea529','Solar Plant Elliottborough',322.590,'2018-11-13'
'5df44a8d-4cc7-4754-9534-bdb400011e75','Solar Plant Bellport',471.000,'2023-10-05'
'9414c135-9a47-4c65-a6f2-3eb7d500e422','Solar Plant Hollandview',172.570,'2019-05-10'
'c33ea16e-6489-4325-8769-2e505e48692a','Solar Plant Port Nicholas',345.940,'2016-12-05'
'5136ed96-c005-4779-9c49-c89ac2fa4a17','Solar Plant Parkland',387.710,'2021-07-07'
'c4d0b77a-5fee-476b-9260-e932f1612df7','Solar Plant Patelstad',73.760,'2019-11-10'
'9199aa46-799e-4a64-8ebe-d86895e4dd89','Solar Plant West Michaelborough',409.370,'2023-10-26'
'a9b480d2-0843-4386-a440-d7e783ec1d7e','Solar Plant New Jasonton',388.910,'2021-02-03'
'd2b2462b-fa34-41d8-937d-fa17ac2f3b85','Solar Plant Oconnellstad',383.620,'2022-05-30'
'8b3b36f9-45b6-4598-b52f-ff720d0e53cf','Solar Plant Port Heather',443.180,'2023-01-09'
'5218438c-0636-4690-9995-8c7eb3d22f28','Solar Plant East Amy',251.560,'2016-03-14'
'75f5df08-6845-49c9-9f72-177538b99246','Solar Plant Trujillohaven',476.090,'2023-07-04'
'b67f1110-70d2-41bc-800d-3a9b99de611f','Solar Plant Alejandroberg',22.920,'2019-11-15'
'457f88be-dce2-410e-b32a-1f72f84766e6','Solar Plant Michaeltown',149.480,'2021-07-29'
'530507d1-18ab-4cb8-9c24-10b41d307519','Solar Plant Port Ashley',476.930,'2024-01-14'
'0dfbb96c-fa68-4bb1-8178-b3c2acb7cfaf','Solar Plant Lake Tina',122.280,'2020-06-24'
'2ed5713c-42b7-4b7a-b0b7-83589c50286f','Solar Plant Shawnburgh',281.250,'2020-09-09'
'7c7430fc-6ac1-4396-a1f6-2f695da8491a','Solar Plant Melissaland',103.520,'2017-03-10'
'fafa41bd-54d5-4db9-b183-c884adcc0a76','Solar Plant Howelltown',34.830,'2018-04-03'
'5302dead-4317-4c5f-b6e1-d8803161ebc8','Solar Plant Wilcoxland',224.290,'2019-03-09'
'01200746-5236-4240-a354-66905e42de43','Solar Plant Martinezmouth',352.060,'2019-11-12'
'c88b8587-0580-4ec2-8239-30128be3cf4b','Solar Plant West Karenport',147.860,'2018-08-11'
'b24be896-61c5-4e9b-b660-5148c2e77a37','Solar Plant Port Kimberlyland',53.860,'2020-01-14'
'2edd5d1a-3754-49b0-8cbe-8e860b4122e3','Solar Plant East Karen',381.240,'2015-11-23'
'edf965fc-fb7e-46cc-a162-2db0b9814197','Solar Plant Michaelhaven',420.920,'2022-05-24'
'4c295472-fcb2-4645-874c-aaaa63329cf0','Solar Plant Port Thomas',266.490,'2023-02-05'
'58942ce1-b8a2-40cc-962a-669d23da755c','Solar Plant Thomasside',295.470,'2016-02-23'
'ea6853b0-b9b6-4484-bef3-72ae6400d402','Solar Plant North Jeffrey',416.360,'2024-02-16'
'ffb6a6cb-8f34-4c9b-ad59-664b63a4dde6','Solar Plant West Richardtown',232.300,'2016-04-12'
'29a265c4-7f13-4485-9d55-61e4dcefccf1','Solar Plant Darrellside',15.380,'2023-09-08'
'39615ea9-b28a-4381-b4e0-b216119b0fd1','Solar Plant Johnhaven',280.350,'2019-02-28'
'4d77fea7-2004-4e38-b06e-1d8ffae584ef','Solar Plant South Diana',288.900,'2021-12-24'
'47f5308b-f93a-47bd-a3dc-ca2c000cbfb1','Solar Plant Danielborough',291.470,'2021-04-24'
'5be837f8-d9ee-4a89-872f-e2beef4539dc','Solar Plant Weekshaven',87.880,'2022-08-16'
'd29360f5-515b-4943-95c4-04fcb0f4492b','Solar Plant Williamshaven',174.470,'2023-04-28'
'69ab4466-2d46-4389-a374-abac749032c9','Solar Plant Lake Tracy',272.540,'2018-06-11'
'4b9dc17a-6d15-407b-bb7e-fc3b06ef159f','Solar Plant Gregoryton',9.270,'2017-06-26'
'880c400a-3366-4c36-a12f-980dccb26949','Solar Plant North Markbury',129.040,'2018-02-25'
'81810f8b-6b50-467b-9008-bcba7c3ba893','Solar Plant Lake Michaeltown',164.790,'2019-12-06'
'f82737e0-d979-41a0-b24c-024cffce5bda','Solar Plant Campbellton',432.130,'2019-09-13'
'53f0ea1e-9462-45cd-93fd-90637eb4219b','Solar Plant North Mathewburgh',498.450,'2024-01-26'
'1d4ba603-fb19-4021-8d06-26a9c5aaae95','Solar Plant South Julia',219.980,'2022-11-24'
'fe0db5c7-6138-419f-b7b2-846087c0c3ca','Solar Plant Brittanyport',456.250,'2015-05-24'
'6441463a-4bbd-4704-b270-f4d51a2e1e95','Solar Plant East Adriana',82.660,'2018-10-21'
'50b37002-4e65-42f7-a30b-dd8e136baee0','Solar Plant Mooreville',268.280,'2016-11-25'
'095c0ef3-da9d-498d-90bb-79adad19f19c','Solar Plant New Andrewburgh',317.940,'2022-12-27'
'175340d1-37e0-42f5-84fc-9d8d2852af69','Solar Plant Carolborough',62.800,'2020-12-22'
'abf16526-5424-4dc0-9b6c-a48f3230e5ff','Solar Plant Salinasview',315.200,'2023-06-11'
'aaa8f30b-facd-4aee-9bb7-e9e74a92d752','Solar Plant Jillbury',60.740,'2017-03-20'
'3e0e72cb-7943-4618-b41f-bbec19f0d77b','Solar Plant East Harold',323.140,'2021-05-22'
'34e53b51-295b-4a9d-8b8a-97d3c91b7176','Solar Plant Harringtonfort',304.420,'2021-10-11'
'd949a493-6923-46d5-9910-44060fe1f201','Solar Plant New Heatherville',83.060,'2022-07-03'
'3f0c1379-ae17-4c41-ae92-83ab7336252c','Solar Plant Rileyfurt',65.470,'2022-04-28'
'424a8116-8cc1-4321-b279-7d711d483bc0','Solar Plant Lake Garyburgh',90.240,'2019-04-01'
'8c7d29de-b3e1-45f2-ace0-eb5c6451a1ea','Solar Plant South Ronaldland',478.280,'2020-04-24'
'd9cf3848-5d54-4115-9d3c-9fa6fa8b7260','Solar Plant Marissaport',355.000,'2017-06-21'
'b6d61414-ab98-4e1e-8abc-526f9c6b9770','Solar Plant East Kristen',345.500,'2021-01-03'
'36fee30c-03e2-4d6c-97aa-b86f262524c1','Solar Plant Ramseybury',436.250,'2016-09-02'
'd777fd2d-31b7-4720-b150-0d723ef10b40','Solar Plant Hortonberg',123.480,'2024-02-14'
'20ef7586-9238-49de-9faa-756d831fa0da','Solar Plant Port Dannytown',273.960,'2016-03-12'
'8d8d6c5f-db91-4784-b849-c6ab8c114c1f','Solar Plant Beardchester',221.190,'2021-08-02'
'92e2b950-e541-4549-85f9-d49e11f8e4e6','Solar Plant Omartown',61.160,'2017-01-15'
'6ea2d23a-37fe-4afd-b248-f19d8cc183b5','Solar Plant East James',261.520,'2020-09-12'
'92d0e2cf-8efc-4b21-9b98-bd1d4ef8f11e','Solar Plant Jessicaburgh',213.290,'2020-12-25'
'702f5e28-5ed4-493c-a638-d32892ede4a7','Solar Plant North Stacy',143.150,'2024-01-18'
'7e9636da-705c-4ca9-999e-358d81c038f3','Solar Plant Stephensonmouth',244.750,'2023-02-08'
'2b076c77-8cc1-429e-8f02-d90e8702537f','Solar Plant North Theresa',371.120,'2017-02-01'
'c218c75a-5f86-4a9a-8f7f-50b329a8962e','Solar Plant East Christopher',322.390,'2021-06-21'
'62a9f01d-104c-41b9-b1c6-d36afc3b7b9f','Solar Plant Daveborough',69.860,'2017-05-18'
'1a21aece-ce20-4b29-b86a-5ad51cd8e354','Solar Plant Arthurfort',432.380,'2020-10-24'
'357c0e53-24a8-4fa0-96d0-4d9bdda2b558','Solar Plant Lake Tammyhaven',72.230,'2015-04-07'
'ee2889a3-e64c-45e7-aed6-16e2dad3464e','Solar Plant Youngmouth',14.490,'2024-01-06'
'2adbbed7-723e-40e6-8783-6cd1ca70cee2','Solar Plant East Kimburgh',153.810,'2020-11-23'
'724b8578-c862-461c-af3f-a74e47362971','Solar Plant West Ryanfurt',4.540,'2019-05-26'
'465b34b0-28d6-4049-84e8-4a854b7ef37c','Solar Plant East Shannon',470.470,'2020-03-18'
'530a1333-7a95-4835-9ecf-dc0d4eef6fc5','Solar Plant Scotthaven',444.460,'2022-05-25'
'9bb494a3-513a-46dc-92d3-644a9fa39763','Solar Plant Allenmouth',493.630,'2016-07-03'
'ef0f6c4b-d245-499e-a08d-605f3e7d1e77','Solar Plant South Brittany',203.620,'2018-06-08'
'45b65711-c5f1-43f3-89b9-9551b5be127a','Solar Plant Morrisonbury',303.620,'2019-02-26'
'c53ef101-8091-41df-9ced-553c5bc1e6cb','Solar Plant North Emilyhaven',490.000,'2015-04-16'
'36f6d859-1c6a-468e-a9a8-1461cb2600f3','Solar Plant Lake Williamview',370.420,'2021-06-22'
'1eec371f-fa5a-4c1e-beb7-ece655299153','Solar Plant West Sarah',252.440,'2017-10-18'
'c4dc5f10-558e-464e-a4e5-f2dc38736f38','Solar Plant Newmanport',126.940,'2021-03-22'
'7a1a35c7-87b0-4093-98e0-95fa07433126','Solar Plant Geraldport',209.900,'2017-03-20'
'44f683d6-70e9-492e-b0d3-a01818cc00d3','Solar Plant Palmertown',265.420,'2015-09-21'
'910175f4-e9fa-470b-a6bb-8a6f5245ce0c','Solar Plant Port Shawn',84.610,'2017-06-20'
'f845e1f5-e3a6-42b7-9e12-ab846e67df7f','Solar Plant Lake Bryan',75.540,'2016-03-05'
'bbb07fab-5150-446a-acc4-b1ecfbf637c7','Solar Plant Davidsonberg',313.580,'2017-02-03'
'dd04147e-df6f-4c75-a732-456ad5bd4dad','Solar Plant Lake Paigefurt',270.310,'2021-03-03'
'f37bcb61-3e08-41a0-b60e-8c53ddab1898','Solar Plant Anthonybury',46.550,'2015-05-24'
'376f53e4-ab19-441b-a80e-f6c398d4c082','Solar Plant Port Sarahmouth',218.240,'2018-07-11'
'1df3fc7c-ae9f-4801-821e-987d8722789b','Solar Plant Thorntonmouth',361.170,'2015-05-16'
'a2cf5ddb-7a7b-491a-a5fe-3671f84e0cf1','Solar Plant East Brittany',426.940,'2016-07-29'
'e6f2c46d-082c-4ae6-b468-9ba3f1e72f97','Solar Plant East Ashleyfort',463.160,'2015-05-23'
'3e857a17-95e4-46c4-8527-93e7a9a07e28','Solar Plant Jonesside',31.350,'2019-12-12'
'cca622d4-145b-494e-89dc-c42279e158af','Solar Plant Stanleychester',444.150,'2017-12-06'
'bcb478be-2b79-41b2-b11c-f956fa13ce5c','Solar Plant West Steven',162.550,'2021-05-03'
'c75445c6-a857-4846-86e0-0033d48e3639','Solar Plant Jacksonfurt',140.160,'2018-07-21'
'2d1119dc-0e31-4168-8dd2-66d2d9d0b20e','Solar Plant New Danielview',400.050,'2024-01-31'
'8ec14a4c-98ef-408a-9502-03d06df190b0','Solar Plant Riceberg',196.460,'2023-01-28'
'21ff2835-a1b2-4514-8472-c277f84345ed','Solar Plant East Daniel',211.010,'2023-04-11'
'352adc50-7925-4ce6-ad8b-32c93ac746c9','Solar Plant West Teresa',227.070,'2015-05-13'
'52372d17-c580-442b-93a4-00a1a1474e3a','Solar Plant West Jorge',192.970,'2021-01-14'
'0205682a-3923-4d56-a2c4-a1b8956d59af','Solar Plant Carterside',26.840,'2019-06-03'
'8e2288cd-64f2-411e-83e2-62b2a52e071f','Solar Plant Port Dylan',149.610,'2016-04-06'
'eb2cbeb6-c6e1-48f9-b5a3-24bc5580e705','Solar Plant South Andrew',6.290,'2015-04-16'
'a2bb6265-ef17-4c1b-97e2-dc2782ad205e','Solar Plant New Cindy',13.440,'2023-06-16'
'29df43d5-30a7-4fd3-a465-2eb9131358af','Solar Plant North David',23.560,'2018-02-19'
'643ba460-e627-4b1e-a9eb-1f4731211b42','Solar Plant Lake Monicaburgh',378.770,'2023-01-27'
'd25b9c28-5b03-41ac-be18-dd340e9ce644','Solar Plant Port Davidburgh',479.940,'2020-03-22'
'bbbb72b0-75a4-4c23-9fbc-83913cd69e14','Solar Plant Jenniferfort',98.420,'2017-02-15'
'41f1077b-822b-4e5f-bb34-5ad7a1cae3b3','Solar Plant Port Taraland',354.560,'2016-01-19'
'60c6f737-9810-447d-ba63-8f49425c323e','Solar Plant Gonzalesmouth',224.590,'2018-03-19'
'efac33eb-623e-4a04-87c6-20cf6755b8b3','Solar Plant Matthewfort',177.900,'2020-05-23'
'f224e0e4-5ff6-42e1-8bd1-2ad3f386c2b7','Solar Plant Lake Douglas',31.750,'2015-03-06'
'705f4d7f-0b29-487e-96c1-53ea47b2dca8','Solar Plant Lake Jamesmouth',356.930,'2018-09-12'
'f04889b3-724c-4b46-9e0f-60430bd121d8','Solar Plant Nicoleburgh',305.090,'2018-06-24'
'079550c8-56c9-44aa-9f24-99408a8a3217','Solar Plant Garciatown',495.710,'2016-12-25'
'75a28b0f-01a2-426b-ae60-681aa7c18ffa','Solar Plant South Kristenborough',375.240,'2019-10-23'
'9588936f-c1dd-4108-a635-bcca41374bdd','Solar Plant Hinesfort',285.710,'2019-03-10'
'8f14e2d1-6bca-4163-a2ca-41a56e265165','Solar Plant South Ruben',21.400,'2016-05-14'
'0ca62e4d-fb06-47f3-badd-7bcc50ec2e35','Solar Plant Smithfurt',296.610,'2018-07-08'
'df971ead-5876-48a9-9c2f-b402c5bdaa42','Solar Plant Port Traci',68.680,'2018-12-01'
'efe7a420-fcfe-45c0-8ec5-99aacef8efb4','Solar Plant Richardton',224.100,'2017-07-24'
'e67cc724-5c8b-4d50-bc81-13b8d7a45934','Solar Plant Gilbertview',50.220,'2015-09-30'
'c9b73230-66c6-41b3-a951-1b302d1e6667','Solar Plant West Sean',240.700,'2019-09-13'
'f54c4300-a902-4566-958d-425a89e88f0c','Solar Plant North Samuel',48.050,'2017-11-27'
'836a7e3b-6793-4631-b154-dffd37ffd685','Solar Plant West Shelly',205.780,'2022-03-24'
'140cb0eb-55cb-4fa7-b1f0-a398d841d8d6','Solar Plant East Hailey',317.850,'2018-12-14'
'83004149-701e-403b-b530-ad01c12590ad','Solar Plant West Mariaville',207.540,'2020-04-26'
'0a56cc24-a340-43b4-a37f-a39e16be931e','Solar Plant Lisaview',296.950,'2021-09-19'
'267f2902-1d18-4ddc-97b8-b55e71d0b252','Solar Plant North Robert',30.240,'2019-09-14'
'35eb5d67-3f0b-4222-837c-ad7c01f404d7','Solar Plant Jacobbury',309.240,'2019-03-10'
'ab92831f-5823-45e3-b562-ea61e4e52cd8','Solar Plant Richardburgh',205.390,'2018-04-28'
'f393267d-7170-4c83-9774-d272759ae108','Solar Plant Jennifermouth',120.550,'2016-01-26'
'5a1d10c0-39cd-4698-be69-f6ed0ce382cc','Solar Plant East Sarah',149.170,'2016-08-31'
'4c77c215-c44c-46b8-8ad5-0437bd8ba4d4','Solar Plant Douglasside',490.360,'2022-01-31'
'166bda98-afc2-4517-ba0a-0da7043ddf19','Solar Plant Schmidtshire',447.130,'2021-11-23'
'50e70910-c5ca-4b55-ba17-1bc823f131f1','Solar Plant Lisashire',105.420,'2020-05-02'
'583891d2-f01b-496d-bfc3-40169a06cb18','Solar Plant Kevinstad',300.870,'2018-01-18'
'e3a11d99-ef2c-4a40-9dd5-f6e4f51ea311','Solar Plant Dicksonbury',247.060,'2020-02-21'
'0d5c13a5-817e-41cf-b076-35021896fe37','Solar Plant North John',327.180,'2015-07-13'
'4bbb99f4-890e-4ae1-8728-16577530b1d8','Solar Plant North Jenniferfurt',326.460,'2016-04-05'
'860db19a-a470-4b53-8ead-cbafc96dfee4','Solar Plant Romerohaven',343.370,'2021-06-16'
'4ca3a958-aace-4f46-b38a-81a519f12d18','Solar Plant New Taraport',24.110,'2019-12-05'
'8e63ec2f-be94-47ee-9a49-c4f2369cfc46','Solar Plant Rodriguezton',256.970,'2020-03-14'
'c92fd6d8-1b4d-4b60-a046-8aad6072de65','Solar Plant West Vanessaville',245.490,'2015-12-26'
'c9766cb1-bc4a-4ce4-9d01-c768deac3716','Solar Plant Munozmouth',42.430,'2021-04-06'
'8f707ad7-35d4-43ae-acf7-1087c30ec1ab','Solar Plant Lake Vanessa',12.910,'2016-07-18'
'b60397b7-7c13-4d74-97f4-7a2e19b838aa','Solar Plant Robleshaven',461.780,'2019-03-15'
'6bbb249c-ed8e-42e8-a65d-0f489aa8dd7f','Solar Plant East Matthew',257.250,'2019-12-02'
'21a0f06c-12fa-44a3-b025-07c428ded13e','Solar Plant Wolfbury',163.120,'2019-04-22'
'71a4138c-c8a7-42aa-9421-21e795b2900b','Solar Plant Stacyville',318.150,'2020-09-26'
'2075fb9a-532a-4abb-b01f-ede2b5aa539b','Solar Plant New Jessica',301.820,'2023-08-28'
'6de7a634-c97c-498e-8239-8c6b37ae633b','Solar Plant Port Nicholasburgh',406.250,'2019-11-24'
'979a4624-b830-414d-aeac-15f91da550b6','Solar Plant Danielsborough',204.250,'2021-06-19'
'bbd798fe-3e1b-4fb3-a848-35ea378877f0','Solar Plant Dickersonton',206.410,'2019-01-28'
'f8b6698f-2e6a-4382-a997-fba779a5ba52','Solar Plant Port Danielle',278.640,'2017-04-24'
'2fb80b29-5471-4c06-a14a-a03ca8bcaee6','Solar Plant Lake Derekside',282.020,'2016-12-04'
'021baba0-437c-4a63-a9f4-292a310602f7','Solar Plant New Carla',337.550,'2017-03-19'
'cef805f8-37ab-4534-a569-4d27ae7d5da1','Solar Plant New Janicebury',495.330,'2018-05-07'
'5b805ed2-931b-4d98-aeb4-bc378de9424f','Solar Plant East Kelliberg',156.830,'2023-05-04'
'01af7f64-7e4e-474a-a743-f45036d0567b','Solar Plant North Davidtown',189.490,'2019-12-07'
'809f772d-2ac2-4a51-983b-a76bd136a4cd','Solar Plant East Amandaland',293.830,'2018-03-11'
'dc26c87d-3215-4ffb-b0ec-f4fca139b235','Solar Plant Port Amberborough',137.790,'2020-08-24'
'58aa593d-3969-4ddb-be15-f7d106870bd1','Solar Plant Sierraberg',489.230,'2020-08-25'
'385459b7-6404-4236-b75b-8bb85abdf870','Solar Plant North Charles',433.330,'2015-05-20'
'288fa6cd-2966-4235-b6cb-16208d333435','Solar Plant Robertsonmouth',81.510,'2023-06-10'
'ac401af6-0f53-4885-b6c0-9ccc43ed5236','Solar Plant West Connie',391.790,'2022-12-02'
'35e023f1-3061-45b1-be73-1d3bd56eef13','Solar Plant South Thomasburgh',412.530,'2020-02-23'
'3a18cac1-67c0-4074-9803-79e6938dad2c','Solar Plant Miamouth',459.790,'2023-09-24'
'c74470ab-cacd-4acd-8e30-d3223940f116','Solar Plant Armstrongbury',240.620,'2016-07-02'
'deaeb053-1171-499a-8d3d-737b6a8f3a9d','Solar Plant Whiteville',463.500,'2022-11-20'
'd7ad7e80-bec4-4c08-b5dd-db6ec146da38','Solar Plant Brittanystad',156.300,'2016-10-29'
'61e03be5-cd65-46cc-8813-987af529208d','Solar Plant Davisport',158.080,'2017-02-07'
'b27f3556-6956-452b-9c37-a70a45d563c1','Solar Plant Lake Jameshaven',122.950,'2019-08-22'
'b8030606-44e7-418d-a41e-475399d321dd','Solar Plant Wilsonshire',219.500,'2022-06-27'
'ad1b0c6f-a63c-4437-93c8-de441b4b4a50','Solar Plant Lake Robertfurt',34.400,'2019-04-22'
'37922614-0803-443d-ab6d-3a78d52221ca','Solar Plant Lake Laura',12.270,'2017-08-10'
'501c8476-5d99-48ed-a13d-b3211061eaea','Solar Plant Lyonsstad',235.850,'2023-04-05'
'ff910d02-3a42-46e3-9d22-8fcd85fe7598','Solar Plant Morrisborough',161.570,'2015-11-04'
'80572565-f501-410d-ad89-a8dea4a96e7d','Solar Plant West Steven',183.380,'2018-11-15'
'b030cc93-a20e-4aa5-8a10-6d541ffcf62f','Solar Plant Port Jennifer',313.620,'2022-06-08'
'1c115de8-2622-4c8e-89e4-c048d4c18f6e','Solar Plant Mcculloughchester',402.310,'2020-08-13'
'bb6812cf-dec5-438f-9bab-dd7f03817719','Solar Plant North Taylorstad',160.640,'2015-07-25'
'dcab5d92-a537-42db-a114-72b54e1f8919','Solar Plant Amandashire',100.390,'2019-06-21'
'b5ad1b45-7ac0-4ac0-96a2-20befd973905','Solar Plant Lake Kyle',148.680,'2021-10-26'
'f43f178f-cc28-43fa-b3fa-327e95700b08','Solar Plant West Lisaburgh',336.490,'2017-10-20'
'68786ec5-779c-490a-bd8a-34dc5228c191','Solar Plant Peterstad',312.990,'2015-09-13'
'00564c61-9386-4fbf-ab33-85ba0bde2515','Solar Plant Port Michelleland',237.030,'2017-11-06'
'1672feb2-b35f-4cb0-9248-3fa59fa96a59','Solar Plant Smithport',108.710,'2015-11-15'
'b22b17f8-deb5-483e-be97-2f74148a1415','Solar Plant South Tiffanyville',249.430,'2020-08-16'
'3006eabb-ecda-4ed0-b284-b8580da68bcd','Solar Plant East Elizabethside',91.250,'2021-10-07'
'd41eea3f-c10f-46a5-b79d-169bdbb58034','Solar Plant Tateberg',285.340,'2016-08-16'
'fd99f6f0-2fc6-45ba-8f00-a05ea3fcaa78','Solar Plant New John',499.990,'2017-08-18'
'e6d6b741-52ad-4474-8f51-ed345e0402d1','Solar Plant Palmerburgh',105.280,'2015-07-07'
'ef95691b-add9-46c9-a94c-c84b30ef7a29','Solar Plant Jennifertown',446.990,'2017-05-13'
'931900ff-298e-4d9e-a8ef-b41f7a5e2440','Solar Plant Brownmouth',443.260,'2021-04-14'
'778c1b75-0215-4d5b-9113-8c657aa7ad86','Solar Plant New Jeffrey',452.170,'2015-09-11'
'03a3c6ab-dda2-4793-b56c-cb672c091654','Solar Plant Phamton',166.550,'2018-06-26'
'f596b2d1-e2a4-4e93-9d98-c02b41bd0736','Solar Plant Ginabury',154.730,'2019-11-16'
'8bcc0427-53d3-438f-99ce-ec0c55d26b72','Solar Plant South Brianna',496.130,'2021-12-02'
'240ae5d5-0f35-48f0-97aa-ca2652bb3dbf','Solar Plant Gregorymouth',344.120,'2022-11-05'
'4e3ed23c-141b-4580-81a9-46d394131dca','Solar Plant North Caleb',137.310,'2022-09-24'
'4fb7e8c5-cec6-4d77-b83e-9fd307cedaad','Solar Plant Port Deanna',245.440,'2019-12-30'
'0ebd08b0-673a-4c40-9c3f-4c7036d1b804','Solar Plant East Bethview',298.460,'2019-07-20'
'cbcd439b-6fdd-4002-8715-4b445dc56201','Solar Plant North Robert',477.550,'2020-03-07'
'3b33fa98-736b-490e-92e6-a46bd147c731','Solar Plant Deborahport',35.200,'2015-11-28'
'50fe00e8-c894-4004-baef-f281e95ea469','Solar Plant West Rebekahbury',289.720,'2015-05-11'
'aa125f6d-3fe1-4c36-a3df-e8e0ca9c6774','Solar Plant Jordantown',206.740,'2021-10-27'
'da5630af-d022-48df-9dfc-0ce9b5f74d90','Solar Plant Lake Deanna',241.960,'2021-08-18'
'048c3713-91ad-4626-b684-eca19d8ba656','Solar Plant East Deannachester',150.450,'2015-04-04'
'490fe9e1-b50e-4534-970b-49cafd8326d0','Solar Plant Robertburgh',23.400,'2021-03-07'
'019f22cf-2b5d-4e95-a2d0-9dcacc33c275','Solar Plant Ericborough',191.780,'2023-03-19'
'0ad20c7c-298b-497d-9d85-abf503049d71','Solar Plant Bobbyberg',206.080,'2018-08-11'
'c217c977-7259-48bf-8863-684feaffe1b7','Solar Plant East Candace',276.040,'2023-05-15'
'd370fbed-e700-4bc4-8e37-5f582fc20ed2','Solar Plant North Jill',158.380,'2020-03-13'
'ecabace9-5cf9-4668-9fd1-7a82dc6351d6','Solar Plant Andersonfurt',216.440,'2021-02-15'
'242acefb-2b30-45ce-8e6a-30548fe727ae','Solar Plant New Loganchester',6.730,'2015-08-20'
'7e0ea15b-095d-42c7-ac74-68149bc0ba6f','Solar Plant West Jorgefurt',111.090,'2017-11-02'
'5992be4d-2373-40b9-aee5-a5ec7b723784','Solar Plant Blackwellfurt',215.570,'2015-06-22'
'61ae865e-3a3a-4772-8a54-8373ee3eff4b','Solar Plant West Tammymouth',320.170,'2017-05-29'
'd3e3907b-b533-4b1c-995b-cb7f3f901b9f','Solar Plant West Jasonhaven',320.260,'2019-03-27'
'2d3eba4e-d56d-44a7-9988-5045462bacdc','Solar Plant East Jennifershire',188.030,'2017-05-31'
'8cde12e1-21d1-4b1f-b1b6-5279cc559de2','Solar Plant Serranoshire',431.290,'2022-01-07'
'190f4281-ba75-4661-863f-3479afcdbe30','Solar Plant Christinamouth',265.090,'2019-12-05'
'b8262b6b-6ce6-4cb7-b08a-265f67f75e42','Solar Plant Aaronmouth',247.060,'2020-04-11'
'c6a7bbc3-cc23-448c-bd09-e7084880e494','Solar Plant Johnburgh',470.550,'2023-09-04'
'f44a9f58-31db-482a-b599-fb29822dac31','Solar Plant Lucasfurt',377.870,'2016-05-11'
'8e4b3be4-10d4-4112-bd0a-a2ecc166b656','Solar Plant South Julia',117.060,'2021-06-12'
'a5aad5a1-0405-49c8-8c7b-e15057e5f1f4','Solar Plant Mendozaborough',328.310,'2016-12-25'
'83a25e77-1774-41da-9698-864158e8e92d','Solar Plant Lake Bethanytown',302.720,'2016-05-14'
'9b74c64a-57cc-436e-bccf-c64e5ff4f8a2','Solar Plant Marshallbury',165.690,'2018-08-29'
'7101e531-2bdc-444c-abe4-47cdf4982ef6','Solar Plant Castilloborough',407.730,'2018-04-30'
'fd9ad843-2ba1-4395-861d-40ede3ba1c72','Solar Plant South Ronaldbury',129.060,'2019-02-13'
'2e7dcc1f-d561-4833-90c2-031fff417771','Solar Plant New Shannon',98.710,'2017-05-04'
'7608f8e4-7e34-41cc-ab52-8be5a9aada60','Solar Plant Port Jennifer',24.710,'2015-09-14'
'cff3b180-930b-4da8-9c61-3c47d3b427a8','Solar Plant East Lindaberg',418.120,'2019-09-13'
'06b1095e-5afe-451d-8357-616284971bcf','Solar Plant New Crystalside',109.460,'2020-12-27'
'e0628f50-1f47-4d67-8c8d-d9413b748b04','Solar Plant South Andrewborough',303.430,'2022-11-19'
'08186eaa-78ec-47a0-86aa-288740507049','Solar Plant Edwardborough',268.540,'2023-08-09'
'7942f227-fb69-472d-8e87-b3c6c20a1d8a','Solar Plant Martinezhaven',185.640,'2020-03-16'
'7d0ab606-69f6-4c51-9d32-56c3a6bbae68','Solar Plant Terrishire',272.610,'2023-10-18'
'5e604a5c-5f76-4551-9e87-be353c7c0b86','Solar Plant Gouldport',7.060,'2017-07-09'
'7ff044c9-e365-4714-b0f0-ae1bd4168a87','Solar Plant Kariburgh',304.350,'2017-06-25'
'fa18b676-70be-4796-ab9b-fefb63e78694','Solar Plant Burkestad',352.980,'2015-05-04'
'9f5f23cd-6795-4472-8e28-b89dd577c9f8','Solar Plant Brendaberg',19.480,'2015-04-12'
'e1e987a1-54d7-494a-9c86-beffd0069803','Solar Plant Annberg',349.860,'2016-08-20'
'cdc34f0c-aa3d-407e-bfc9-432dae28c86f','Solar Plant North Brittanyview',145.640,'2024-01-06'
'628b2ad7-bf13-41f8-a2e5-619eb1dbd705','Solar Plant Robertfort',401.200,'2020-01-02'
'4f6127b1-a28a-448c-a9e7-bf881e1a356a','Solar Plant West Alex',477.180,'2019-11-11'
'1c79e9b5-b2be-4788-9bf0-709370ff02e4','Solar Plant Fletcherfort',20.180,'2022-08-05'
'172824f3-9e39-4258-b065-0fd36d389a65','Solar Plant Mathisville',284.870,'2016-03-02'
'b5c355ef-251b-4f62-83a1-90fb57634eb9','Solar Plant South Laura',153.190,'2019-04-07'
'845c3954-3ee9-4bda-ad8f-0fefa130cbca','Solar Plant Brownbury',481.010,'2019-10-16'
'97e82590-041b-4dca-adea-6d1900ea5d89','Solar Plant East Cheryl',6.890,'2015-09-23'
'ee685472-b47d-414f-a7ed-3c2d710379c1','Solar Plant East Teresaside',76.760,'2015-09-07'
'7a55fb00-1188-47ea-a3b0-65b5f76855d2','Solar Plant East Brianbury',317.780,'2023-09-09'
'82834731-cd20-4bb0-983f-2090c7513a62','Solar Plant Lake Brandistad',128.660,'2017-08-20'
'9d2e413c-7919-4272-86bb-9d5dc17c32cc','Solar Plant West Amandashire',280.960,'2019-03-12'
'4cde802c-8578-4806-b98e-355a6bbe2ca0','Solar Plant Cohenhaven',201.200,'2023-08-21'
'abc99a23-3e1a-494e-b0d9-c03e500abf0d','Solar Plant North Stacyside',399.120,'2019-10-18'
'3306152a-e1bb-4304-a394-a31b934da9e8','Solar Plant Lindseyborough',474.720,'2023-02-06'
'ae402ac3-aea6-4491-ba50-2b4f45855d6b','Solar Plant Sotoview',110.100,'2015-10-29'
'5256ca4a-5052-4fc7-9d56-be801cc46a4f','Solar Plant New Toddstad',36.530,'2016-04-09'
'17f1c845-0875-452a-9945-ab95d385b4d7','Solar Plant Alexanderland',48.050,'2020-12-16'
'f00a18d8-b107-4aae-a0ab-4070c5df38fd','Solar Plant Whiteburgh',269.300,'2017-02-21'
'dfc3459a-cd21-4d50-8cff-dd893d8a7e10','Solar Plant Michaelview',485.830,'2015-10-06'
'c4ad09bc-01be-4fa6-912a-d0449ad6df10','Solar Plant Lake Margaret',305.550,'2020-10-05'
'74a1695b-472a-4ce1-aaaa-4e9259881861','Solar Plant Harveybury',352.170,'2020-10-17'
'b5f5328c-6f85-451b-9de9-c310d307b4ce','Solar Plant Ariashaven',332.070,'2019-03-09'
'2d5b0f1e-2f1a-4b57-99d4-31d2a60be502','Solar Plant Hintonshire',61.710,'2018-09-04'
'ed4aa1fa-fdcb-4a53-8836-d03a6aa29aca','Solar Plant Adamsborough',124.040,'2015-04-04'
'3c830096-33f1-4a03-b80f-62e729910ef1','Solar Plant Port Johnnymouth',425.190,'2023-06-23'
'0164857c-92c9-473c-b60e-93d6dfe47b1b','Solar Plant West Lauren',452.440,'2015-05-18'
'b9cbbbca-b9e9-4247-b1d6-41fbad8edd20','Solar Plant Amandamouth',383.190,'2019-11-02'
'c50aa65e-9ca2-43b6-99b8-5d5d3029a272','Solar Plant Timothyland',470.330,'2022-04-21'
'944f38f5-d266-40d3-ade8-a25be75f12d8','Solar Plant Byrdmouth',5.320,'2024-01-12'
'743ff69c-8e78-46cd-9a19-c0d9c47fab9c','Solar Plant South Donald',299.750,'2022-08-23'
'49a4c9c3-8453-433b-8018-4f22aed1d936','Solar Plant Jakechester',20.490,'2016-07-10'
'494f7759-9f1d-48d3-921f-30d812d0b64f','Solar Plant Woodmouth',338.200,'2019-04-25'
'8557c58e-e537-4223-96bb-a3024fc9621d','Solar Plant Joneston',322.720,'2018-04-18'
'639b11e6-0b50-4e26-a310-5915d60e41e6','Solar Plant Wallacebury',327.050,'2022-10-03'
'7bb31a1b-2300-48e7-bdd3-293873498ad8','Solar Plant New Christopher',12.370,'2019-08-09'
'dccf09d4-8cf2-4307-aaed-b06c864257e8','Solar Plant Rhodeschester',171.350,'2023-09-09'
'd8a4d028-0160-49f7-916e-edd1162a18de','Solar Plant Kimberlychester',338.860,'2018-07-27'
'6441fcd2-b726-4964-bb10-911858652f38','Solar Plant West Christinashire',45.310,'2023-09-22'
'a5111083-855a-46ee-89fc-3a175818872c','Solar Plant New Jennifermouth',133.230,'2019-03-02'
'862d340d-61f2-403e-b2c8-b6938c131b9f','Solar Plant Michaelside',376.890,'2015-11-28'
'859319ce-36dc-475b-866d-33294dbf8a7f','Solar Plant Port Jacob',36.340,'2018-10-15'
'0c2e202c-afa3-4a6c-8f1f-478b40954c20','Solar Plant Charlesfurt',319.630,'2019-01-19'
'3b6782c1-2499-4ac8-aabc-9266e53f626b','Solar Plant Lake Andrea',88.520,'2019-01-30'
'4a92132c-af77-47e4-acd8-07bae4bb063b','Solar Plant Adamsview',306.780,'2019-04-10'
'add8fdfb-e2f9-4c08-a212-1a7932d3a1c4','Solar Plant Claudiafurt',344.440,'2022-04-02'
'aec754d1-e764-432a-b06d-3d71093ace32','Solar Plant Fisherport',116.530,'2021-07-30'
'0c384836-84cd-47d7-be79-b3300ab4ee12','Solar Plant North Markchester',486.840,'2023-02-04'
'980361ce-7cdb-493d-934c-6aad83a55e24','Solar Plant Lake Heidi',423.530,'2020-09-02'
'565de81b-aa21-4bcc-bb35-ebee84590a2c','Solar Plant West Lisa',318.930,'2016-02-26'
'965c21ca-23cd-466f-a030-a15f17ef6938','Solar Plant Smithside',154.100,'2021-04-08'
'ba86eee1-63a5-4824-9469-e67d9d22731f','Solar Plant Port Lisa',61.100,'2022-06-30'
'293bdda4-beff-4789-9eda-75aa2b01a76d','Solar Plant New Alexisstad',486.370,'2016-11-03'
'5e090ed8-64e0-4406-9457-69dabadaa7e2','Solar Plant East Ellenmouth',222.880,'2022-01-06'
'34889cda-bb24-4ee9-aa16-9435454fa383','Solar Plant Sanchezfort',173.780,'2017-07-04'
'db31a5e5-33da-41dc-b1a9-d3343fe3e07f','Solar Plant Port Kathleenstad',457.720,'2022-02-13'
'9c094f0a-a3b6-4fae-bc4a-0a6953a342ec','Solar Plant Mendozachester',117.830,'2021-02-10'
'df0606d8-1e67-463b-9cb4-440599e680fb','Solar Plant Woodardtown',388.340,'2020-02-08'
'edaa03c9-3ae0-4eed-b3c6-89e0e4cba470','Solar Plant Jameshaven',102.840,'2017-08-22'
'712e19fa-e38e-4727-816c-65ec5e1ffe92','Solar Plant Dunnmouth',125.220,'2023-03-03'
'f4e040ca-01ed-49e1-869d-647e76e776f5','Solar Plant South Jonathan',130.700,'2017-12-18'
'685326be-3d4e-4483-9f11-caeff9369eba','Solar Plant Manningfort',15.090,'2020-11-14'
'5ffcccf7-7228-4011-857c-1892a3aebe31','Solar Plant West Sarahland',306.960,'2018-05-28'
'5acdf663-9ddc-4d5f-98bd-38250d976cea','Solar Plant East Lindsayside',497.560,'2022-11-07'
'00a38ef9-3bad-4201-8114-28292775280f','Solar Plant South Jose',23.900,'2017-12-14'
'ce18748c-eb44-4d9d-a438-671231d4e74c','Solar Plant Johnberg',269.080,'2022-05-22'
'e0083925-c7fb-40cb-851a-8b1e20e420a7','Solar Plant Garciatown',499.390,'2016-05-09'
'c33cf677-b612-47dc-bfcd-34d4e11e791c','Solar Plant Sharonport',278.510,'2021-06-13'
'edc6a6fc-4c94-4764-8fd4-6f1b6c1bceb9','Solar Plant Herreraland',476.620,'2023-11-16'
'37c6fca5-6337-442b-b0bd-5fda1c83b65d','Solar Plant Alexaberg',82.280,'2017-07-22'
'a386b295-ac96-4f85-bce6-0d88f65e2f15','Solar Plant Peterton',414.130,'2020-10-15'
'265d7b27-b851-4c4c-abef-3bb6c0c8de16','Solar Plant Port Sara',51.750,'2016-07-05'
'7f9840d1-25cc-438f-aad6-206a1c201560','Solar Plant New Krista',266.820,'2016-08-24'
'e8aec473-91fe-47f8-b069-f138dfbbd048','Solar Plant East Marychester',189.510,'2023-05-10'
'b23d911e-0d21-45f4-acbf-dde42a53a45a','Solar Plant South Shannonshire',307.880,'2015-04-30'
'324becd0-1705-47e6-a127-5fd9838f1668','Solar Plant Port Ryan',84.480,'2018-04-08'
'370b3fa4-5def-4026-8ec0-ebad12e0540d','Solar Plant Lake Ashley',468.410,'2017-12-11'
'e6f6a285-420c-4c8b-b66a-915f99fbeea2','Solar Plant Hicksmouth',102.760,'2017-11-01'
'196e96f8-3fe4-4f52-916f-94f03b2d0847','Solar Plant Brianfort',289.460,'2023-07-27'
'720bee9a-cb50-49fa-87ea-3fdd6c2f54b5','Solar Plant New Ethanhaven',435.160,'2019-08-05'
'f7a3cebb-beeb-4099-8316-10ae6f86dc54','Solar Plant West Ginaville',257.650,'2018-12-12'
'a3517faf-7950-4b28-b7e5-0f4bcf375dad','Solar Plant Sarahchester',451.910,'2019-04-06'
'f42a7603-114e-4eda-be67-ced1951d8e0e','Solar Plant Torreschester',58.380,'2023-05-24'
'9a1084e8-e9e7-4712-9073-65fb8c374541','Solar Plant Sullivanside',6.150,'2022-03-05'
'4e80f484-f23a-45cc-ab8b-ea6c333502de','Solar Plant Theresamouth',48.680,'2023-11-22'
'e78128f3-65e1-4c3b-b051-8acdb03fc1fc','Solar Plant Christopherport',455.530,'2023-10-28'
'abe9e002-3750-437b-a747-dd7144923f2a','Solar Plant East Jeffreyville',193.790,'2024-01-25'
'91ab26e6-07db-4f70-be14-1bfc9184d048','Solar Plant Port Juanville',102.650,'2020-07-19'
'd915c8a9-1520-43f0-911e-8e17823664a0','Solar Plant Michelleberg',328.380,'2022-02-12'
'd977555f-4983-4566-953c-c3de13890de2','Solar Plant Gutierrezview',375.600,'2020-11-09'
'f57bd6ad-4cde-40d0-8fc8-801bb4986dd5','Solar Plant Michaelchester',25.180,'2021-06-07'
'97bbbdb2-3eec-450f-b945-b390ebcba049','Solar Plant Tranberg',300.780,'2023-10-22'
'55f98610-69c4-4335-b64f-d45af1e3e39b','Solar Plant North Christophermouth',487.990,'2021-08-10'
'daf0a096-8d8f-4f35-b6e7-9bd9ae19256e','Solar Plant North Vanessafurt',314.490,'2022-03-02'
'1905be35-8db8-4e14-b447-e0ec51d26b9d','Solar Plant Port Carolynland',192.730,'2023-06-19'
'2c040f72-41e4-44e7-9434-93d82aad12a1','Solar Plant Port Dawn',279.840,'2021-07-18'
'1ac8d664-962d-4648-81d6-037e31a6f305','Solar Plant Anthonyborough',39.920,'2024-02-18'
'8aa6ea57-f1a6-4e50-a71c-0c807837de0e','Solar Plant Juliafort',312.780,'2016-07-09'
'01ace534-ad49-43c7-bc67-60f036fcf8e5','Solar Plant Charlesmouth',217.100,'2016-11-18'
'845ec490-ca9f-448d-ba30-a5a0d93828ef','Solar Plant South Kristina',269.410,'2015-07-02'
'051d4d48-94f3-46b0-a2a2-ffc98cda78be','Solar Plant West Brooke',407.410,'2017-11-19'
'8ca21d2c-426d-43f6-b7af-f12d4bf459af','Solar Plant Robinsonside',470.100,'2016-11-21'
'3c5f2ad5-5f14-4e9c-87cf-dd9e71c8cf82','Solar Plant New Joshua',187.420,'2021-08-06'
'37f75ccd-ad16-4c35-b3e3-9b98f88d4ca5','Solar Plant Coopermouth',429.670,'2023-11-05'
'0eeb16bc-fee6-414d-aa54-f447ac940b9f','Solar Plant Dannyton',336.780,'2017-11-07'
'cd59bc30-03e0-4c20-b3c6-009b0158bc60','Solar Plant Lake Edwin',454.490,'2022-04-16'
'81bec15b-522a-4538-987f-0dbeee8e32c2','Solar Plant Jacobsonberg',411.600,'2019-02-23'
'9b5fa228-04ad-4e30-a4d5-1cb0d84d9902','Solar Plant North Linda',4.340,'2015-03-20'
'503c2430-d5cd-4936-9825-9addf826c8e7','Solar Plant East Rickyburgh',181.700,'2022-12-05'
'd4318ffb-e79d-4f19-9583-dd23231f38ab','Solar Plant East Beverly',471.640,'2022-09-08'
'c5fd9856-ab5f-4262-be0d-a609138f0f98','Solar Plant West Robert',253.840,'2020-11-13'
'a09817dd-d8fd-43ca-895e-d487fd3e9643','Solar Plant Port Joshua',450.640,'2019-11-27'
'0d61ef2c-1bac-4045-aad9-8ac21f5ba8c5','Solar Plant West Christopherbury',65.400,'2023-05-07'
'90ea3e92-5069-43cd-b9bb-5dc0b850fa5b','Solar Plant Jacksonhaven',133.430,'2023-12-29'
'bc23bf13-03d4-4a41-823e-97583a01e48b','Solar Plant Lake Andrew',40.140,'2021-11-06'
'a885edb7-0f5a-4816-9f85-6519b8dbcfd6','Solar Plant East Ryanland',460.950,'2015-03-09'
'c5a8ced8-ba42-4f19-9cba-3b231c305c77','Solar Plant Smithton',281.290,'2015-05-06'
'0935111f-abdb-4927-a586-edbde56d3348','Solar Plant North Jessicaside',167.910,'2019-08-08'
'bba62e10-5a02-4afb-81e1-20be885e9bf5','Solar Plant Port Alyssa',190.620,'2018-12-25'
'21697720-21aa-4072-9ba8-295dd443bb1c','Solar Plant South Derek',266.170,'2015-09-29'
'f3b897fb-41b6-4750-8726-a688d49d5e95','Solar Plant East Danielchester',427.670,'2015-06-10'
'68964197-2d6c-4846-8cfb-e50e34491518','Solar Plant Lake Michael',214.430,'2021-05-09'
'13027890-ab8a-4ab1-aef6-a1740fdfc4fc','Solar Plant Judyton',307.260,'2020-12-01'
'5cec8c9f-5348-4d7a-b62e-0f47c80cd907','Solar Plant South Tara',116.890,'2015-04-25'
'ca2a144e-3fd8-4f1c-973e-e9249909cd9d','Solar Plant Stephaniemouth',175.740,'2017-07-27'
'ec38a3c5-73fb-402b-97fb-72dab52808b0','Solar Plant Port Jasmin',24.810,'2019-11-07'
'74db2407-9be4-4015-be72-1b14bdc4cb47','Solar Plant Wolfeville',41.940,'2023-10-19'
'94350919-612a-42f2-98c3-ac495340d54a','Solar Plant West Connor',411.810,'2017-02-08'
'8cc02f3d-a984-4337-b0d7-7d4c33d40e10','Solar Plant Evansshire',191.170,'2018-04-29'
'a19512d8-2d28-475a-9476-1b51ffc1ff52','Solar Plant Jeffreyview',177.240,'2019-06-04'
'9d12554d-d11a-4a57-8aea-7d71294494f4','Solar Plant Kirkshire',30.090,'2015-03-20'
'6847529a-1067-41c7-a0d3-24c7e6706eab','Solar Plant Port Christinefurt',139.590,'2024-02-08'
'64a42fba-a21a-4f98-99a1-fa0d6a1d2b78','Solar Plant Melvinville',209.690,'2021-04-21'
'68baecb2-b30b-45e0-8b1a-e959068b8c41','Solar Plant Joshuaport',289.590,'2018-06-09'
'9ec399bd-b382-4849-9936-dc98e5726fc8','Solar Plant East Robert',441.500,'2016-08-24'
'732ad4d9-6e40-4534-95b6-11195014ae5d','Solar Plant Scottchester',251.560,'2016-12-05'
'd6c92c35-e506-4732-9992-39af510ad904','Solar Plant South George',24.100,'2018-03-14'
'37dd7f44-8f24-49cf-b87d-1b2e3571ab44','Solar Plant Coxview',2.380,'2021-04-26'
'8e6d064e-38ca-45b7-bc63-9d89d91c53c2','Solar Plant East Justin',339.040,'2018-04-23'
'63b88658-00b2-48ca-bf51-22c77d90266a','Solar Plant South Louisport',185.150,'2023-05-16'
'840e10ab-642b-4866-8fbf-b2419f98d3be','Solar Plant Johnview',345.830,'2016-03-11'
'd15bd893-e16a-4a00-84e9-610b688c769d','Solar Plant Robertmouth',469.990,'2022-11-07'
'33131954-d388-41c8-99a4-72241fcbdea8','Solar Plant Kyleport',379.910,'2020-02-22'
'3a4e2905-2ba4-4aca-b0e4-e2c394e4e33d','Solar Plant West Brandon',453.420,'2021-01-12'
'8fcbb38e-2720-4372-b454-83fbf8f6e1cc','Solar Plant New Laurafurt',85.310,'2018-11-16'
'842e01a5-85b5-4bd0-9b5b-8556c2fa1873','Solar Plant Lake Janet',218.150,'2019-09-18'
'86eb1152-d8af-4cff-acf9-de3c2691f38a','Solar Plant North Tylershire',496.860,'2016-03-06'
'6029af4d-5f98-4ef8-8493-b74241d7c70b','Solar Plant Tonyamouth',305.450,'2016-01-23'
'7230fb6a-7486-42c0-8b9b-d8be50c65adf','Solar Plant Port Stephanieport',243.800,'2020-01-15'
'df65bd1b-f20f-41f9-b555-705f089ec438','Solar Plant North Laurenland',258.360,'2023-05-28'
'97fc8fdf-be5b-474e-8da3-58d153e596ef','Solar Plant Lake Olivia',43.750,'2023-11-09'
'27509c90-b31b-436f-a51c-f7e27f47199f','Solar Plant Thompsonhaven',445.290,'2023-09-29'
'ac0a83f5-f395-4290-86b2-ef15aca93974','Solar Plant Odonnelltown',252.210,'2022-05-11'
'26287520-2726-4b71-b8cd-6b0ec968a123','Solar Plant South Eric',101.960,'2015-03-19'
'76dbd708-e809-4b01-8c89-ce63a07efe32','Solar Plant North Michael',254.080,'2022-12-25'
'2da080f6-c6f5-4244-bc3b-33b5a6d93a8f','Solar Plant South Kristy',444.050,'2021-09-21'
'1677fb0e-8818-4b9d-bbef-bca1148048b9','Solar Plant North Melissaborough',270.130,'2015-12-23'
'415d21ae-c414-46eb-9c01-3bcb8e3c809d','Solar Plant Wilsonton',184.420,'2020-05-22'
'1e972bde-713c-460a-9114-918593b27c96','Solar Plant Baileyport',76.670,'2023-09-26'
'356eb882-fe23-49f1-b774-df3381e734c6','Solar Plant Melindaport',41.980,'2016-01-20'
'1cfecb79-367e-4634-8064-678652c84b92','Solar Plant Port Jessica',349.040,'2016-06-30'
'34c4a33e-4375-4ac6-9259-b6ec515fd412','Solar Plant Clarkshire',447.970,'2018-12-02'
'4120a3ab-b425-423f-b9ea-25733a54ca1c','Solar Plant Port Lauraborough',51.900,'2018-05-15'
'd555923b-05c8-48a5-8ac5-08f6d09bf75f','Solar Plant Port Danielbury',492.900,'2018-08-23'
'd0c40795-89fc-4358-baac-80a86edb2845','Solar Plant Waltersport',289.880,'2018-02-04'
'36663eae-505e-40be-bd55-b3f3ef706208','Solar Plant Jodytown',348.130,'2019-03-07'
'714136f3-90d3-47e2-8c58-148bb64b0b79','Solar Plant Calhounberg',152.850,'2020-07-13'
'ee2fd665-1037-48fa-b871-849141857131','Solar Plant Lake Alexismouth',354.520,'2019-12-26'
'53b92e0e-f08a-4663-a857-06d068553f15','Solar Plant West Justinport',440.880,'2020-01-01'
'96ef59d7-70c5-4550-bb95-cf45dc41b5b5','Solar Plant South Brianfurt',410.530,'2021-07-17'
'1c92489d-95fe-4dda-a9c8-82da5d7615a6','Solar Plant Port Morgan',146.610,'2022-08-26'
'388d2cbf-c03d-4cea-a899-d2807836681f','Solar Plant Antonioview',281.350,'2019-12-20'
'2b87a8b4-a503-4e38-8028-cb0cb3e4af3e','Solar Plant Ericmouth',13.160,'2020-08-06'
'43583c50-85f3-48ac-afaf-9d64d6b4b6de','Solar Plant Bethanyside',190.270,'2019-12-06'
'e821cee8-a02d-4e76-b896-e94cdfd478bc','Solar Plant Chavezfort',291.740,'2022-12-03'
'455658c7-e1fb-491b-ba73-8bf73401acdf','Solar Plant Heatherville',73.750,'2022-03-30'
'214cde7c-cd4f-4bf2-9081-15eee3e2b1ed','Solar Plant South Gabrielletown',46.090,'2016-01-19'
'570fffaa-0eb2-4b44-9ee0-b3bc3fbdeb46','Solar Plant New Lindsay',298.510,'2020-06-01'
'3964d5c1-833f-41c8-8526-ecbaa0553f72','Solar Plant Lake Brandonview',115.940,'2017-01-06'
'c74cbacb-df5f-43b1-9c15-6b5801f5f09c','Solar Plant Smithtown',318.880,'2020-03-24'
'88d26702-d137-47aa-878e-b250ed7ba0ba','Solar Plant East Bruce',56.220,'2019-11-10'
'924958de-213d-4b9e-965f-a42846f3b765','Solar Plant Veronicatown',452.830,'2016-05-01'
'8547d8b0-d3d4-4e85-b409-03794b14fc4d','Solar Plant Nelsonmouth',476.750,'2017-01-22'
'244903fe-779d-4aff-9c84-41bc2ec68b79','Solar Plant Laurenport',469.740,'2017-06-03'
'c2eff9ea-27c1-46da-894a-1440be6d01fd','Solar Plant Petersonborough',54.900,'2017-10-25'
'ea9f5683-2edc-4781-8857-dea9e39099bf','Solar Plant New Amanda',413.590,'2021-05-15'
'c3efcfaf-e3f6-4938-b9f2-8416c3b0a0e6','Solar Plant Masonhaven',368.200,'2015-08-03'
'd93e3617-1d5e-4747-9d64-1e0b7afdc714','Solar Plant Lynnmouth',321.540,'2018-07-13'
'16759353-c8f5-4f71-ae75-21954d2b36ea','Solar Plant Levineborough',356.150,'2016-02-08'
'55527a11-eb3b-4440-9d3b-144a229bc0ba','Solar Plant South Thomas',494.420,'2016-07-06'
'6403d662-e6d0-4ed4-bef5-78a07cf9dd01','Solar Plant Lake Donaldville',135.350,'2017-02-01'
'8dab0ed0-178d-4a73-820e-5dcd7932883c','Solar Plant Lake Brittanyville',59.380,'2016-01-11'
'd558dc4a-5106-4aa9-9078-ca0ad35f7e2b','Solar Plant Edwardside',252.550,'2016-10-30'
'028bbeea-9b5f-4867-ac2f-091e4b1ec0fb','Solar Plant Davisburgh',229.400,'2018-05-15'
'80bc743e-19c9-4d9c-9e20-3208c340c664','Solar Plant Coreyshire',373.030,'2020-01-22'
'e73b4e49-631e-44bb-8309-750ad11a703d','Solar Plant North Jimberg',50.590,'2016-04-06'
'19a44475-02b1-4ce7-bc50-bc2ff85ef1a5','Solar Plant Theresamouth',403.700,'2016-04-25'
'049f1f18-959a-4355-8fc3-a9a04feed494','Solar Plant Port Lynn',329.940,'2018-01-20'
'39ba2c4c-76a1-4d95-9de5-27f088911749','Solar Plant Jasonland',179.100,'2016-01-04'
'e977f10d-7d18-4f4c-8339-135f8c1cd56f','Solar Plant East Ashleyville',60.210,'2019-11-01'
'dd7b9e86-efd1-4273-8a1e-6ad22fc454b0','Solar Plant Port Mary',283.740,'2019-11-29'
'0e03dbb6-8c06-4f25-87d5-76665b803ce4','Solar Plant Weaverberg',402.660,'2017-01-06'
'e9618d1c-355d-4211-a7b7-c38605d19ca8','Solar Plant East Taylor',243.470,'2016-11-08'
'0d44477b-6970-406b-be74-d64842cf6de0','Solar Plant Port Nancyton',137.870,'2018-05-15'
'61973bb3-6fac-4db2-8c0e-0cf14117aa08','Solar Plant Zacharyside',398.260,'2023-01-13'
'df592810-25fe-4218-bdbb-6537d6807b0b','Solar Plant New Vanessa',376.480,'2018-11-12'
'7639337c-1693-4d20-8dd2-9ef47da69b22','Solar Plant Newmanstad',247.320,'2023-10-10'
'f3190851-90ce-498c-8600-a6c2556769eb','Solar Plant East Peterchester',7.690,'2020-12-14'
'77383502-e4c3-4b50-a6bc-74231eb4062a','Solar Plant Mckenzieberg',92.490,'2022-11-12'
'45a75db2-6782-4d34-baec-236d443199d9','Solar Plant Frankburgh',437.980,'2023-02-17'
'6f3e46f5-e9ef-4b1e-b1d7-f6601f3d0c08','Solar Plant Whitemouth',366.020,'2018-03-27'
'42cbfe25-da3a-43dd-b0ba-08cb01725630','Solar Plant South Curtis',309.350,'2023-03-20'
'42604ee5-9b7e-40c0-904f-bfe666a04a48','Solar Plant Port Darrellfort',405.820,'2018-08-01'
'7f7409b1-ef2d-4c62-9c86-baba6498e289','Solar Plant East Kevinview',137.530,'2022-11-23'
'63ebfbc3-8416-4de4-abbe-638018fa25b3','Solar Plant Vasquezburgh',134.840,'2022-10-22'
'57881829-1684-4282-962f-f7895deda985','Solar Plant Carlastad',481.590,'2019-08-15'
'8857e700-c278-4879-838e-2edd9d3baef6','Solar Plant Martinezland',233.820,'2023-11-27'
'de48851a-4846-4fd0-bef7-2fa117103b2c','Solar Plant South Jessicaberg',362.260,'2021-10-17'
'33935090-d2b7-49d6-8b1c-ffe5f30cf144','Solar Plant Lake William',230.050,'2015-10-07'
'2c407cd3-a6d1-4fa0-b3bc-e4e0cfb75acd','Solar Plant Kevinport',251.490,'2017-03-25'
'24eeeef3-a676-4c7c-acd8-2e7710e998a3','Solar Plant Danielleport',164.150,'2017-10-02'
'73be240f-ce9c-4afd-b33a-69135ed61c12','Solar Plant Belltown',250.250,'2021-04-09'
'8c2b197b-ed6b-43c5-a334-b877bf4bf92e','Solar Plant South Nathantown',292.850,'2019-05-22'
'bf904326-1cb2-4e7b-abf8-1a5c2dd6f975','Solar Plant North Kevinborough',344.910,'2020-11-13'
'53c11461-54e5-4df2-985a-45974871643c','Solar Plant New Patty',110.670,'2018-06-13'
'1bd57477-4a38-43fb-b1b1-732c8c51b4c4','Solar Plant East Nancy',428.560,'2021-07-25'
'9a4d22f4-f849-461e-b99c-6d348a4d8e75','Solar Plant Bakerview',183.170,'2023-04-05'
'2cf630ee-dad3-4452-b63c-c6eaf7147333','Solar Plant Brooksborough',330.560,'2019-05-07'
'5ba279fc-7b7c-4199-b117-1fb4575560ca','Solar Plant East Patrickland',267.620,'2018-10-14'
'821d8172-caf2-4696-abbb-748b6bca3823','Solar Plant North Bradley',419.880,'2022-06-07'
'61ad27a5-cc5b-40d4-891a-ba5b7d9c518a','Solar Plant Alanbury',282.700,'2020-09-06'
'e3ad7703-1b31-4f06-a981-c224d7f0fbc7','Solar Plant Melissaberg',441.620,'2016-12-26'
'efe6b509-8461-4e50-b5d0-bc3ba1e40e98','Solar Plant South Nicolestad',251.100,'2021-12-05'
'6e62b864-5b9a-4399-9d68-1c6ab7c486c7','Solar Plant Lake Saraland',15.530,'2015-11-06'
'a2a74f70-0d82-4d12-a682-f19673f0610c','Solar Plant Hernandezshire',241.340,'2021-01-20'
'd676dafc-dafa-47f9-9b03-333c8aadf8a0','Solar Plant West Megan',116.190,'2023-11-17'
'88e9799b-3308-48bc-a121-45c9d3dcc188','Solar Plant West Christianhaven',31.980,'2021-06-24'
'11e58a00-54fe-47b3-a875-be58ac5eac7d','Solar Plant West Amy',446.960,'2022-12-22'
'4828db7f-5b16-4514-90e3-3cf511a302f2','Solar Plant Lake Emilyberg',461.230,'2022-02-06'
'aed3302c-2c02-4e8e-bdfb-8c9dddcc472c','Solar Plant Millerchester',426.600,'2016-07-26'
'6fea58a4-4861-4947-ae23-ae6cd1ea6df0','Solar Plant North Lisa',295.520,'2021-09-25'
'88f208f9-051f-4ecb-b97f-f878e5854d82','Solar Plant East Chloemouth',406.740,'2018-10-25'
'e10fbf51-c62f-481d-bf35-e7513c4d8147','Solar Plant Rodriguezchester',204.190,'2017-03-01'
'4520523c-f4f2-4807-8e5e-987cf5eb0bff','Solar Plant Port Alicefurt',65.960,'2017-02-15'
'90d51d99-7a12-47b3-a46a-c84c5763e209','Solar Plant East Sarahside',408.680,'2015-03-13'
'c3aabaca-da5a-4714-b598-f2a924985628','Solar Plant New Grantburgh',479.160,'2018-02-05'
'995d97e0-6097-4da3-94f6-c8cbc3b8d2cd','Solar Plant North Jamesburgh',174.270,'2017-05-18'
'e8251fae-41c2-469d-957e-e61c041bf96a','Solar Plant East John',123.910,'2018-03-21'
'aae9b6f1-ce82-442a-be58-d298b3fdfb4f','Solar Plant Ralphbury',140.760,'2018-07-26'
'80688c04-78ce-44bf-9144-bd9b86d47809','Solar Plant North Jose',372.300,'2015-06-11'
'7930aeb4-63c0-419f-a469-2c3f08e53044','Solar Plant Lake Stephanie',399.660,'2021-12-20'
'44405418-3560-4c62-b754-471a6778e058','Solar Plant Mitchellhaven',315.950,'2015-07-15'
'735a4d74-2d10-41d0-920d-ec7499da24aa','Solar Plant South Jared',39.110,'2015-05-29'
'8e3f6e23-85ba-41ad-a4af-d0b93eea640c','Solar Plant Lake Kendraberg',415.720,'2015-06-07'
'78b4c365-b909-4712-904b-b2b59fdb6cf0','Solar Plant South Brianville',398.120,'2019-03-31'
'a0854901-f24f-43bb-89aa-c1009a22e3fa','Solar Plant Amandafort',87.300,'2016-12-21'
'0b12306d-3650-4753-bd13-18f963b898a4','Solar Plant Nicholasmouth',320.680,'2017-07-17'
'df7b9e47-2eff-4d8d-98f9-29dd90f09234','Solar Plant Terrybury',74.360,'2015-08-20'
'09a478d7-eb25-412f-9e8d-c1766249e56f','Solar Plant North Curtismouth',26.730,'2019-07-03'
'f6e18ad3-dd65-4f6f-802f-6cf858a4b4e4','Solar Plant Lake Teresa',272.540,'2017-03-03'
'd8e7772c-8add-4626-8415-710663395680','Solar Plant Fosterbury',117.090,'2023-05-12'
'1d6ac891-3e73-4efa-8e19-64b5132828d0','Solar Plant West Karen',400.920,'2019-07-20'
'd5e83f2c-e632-4aa4-a2f4-524df81d4810','Solar Plant West Rachelland',184.160,'2022-10-03'
'196ae4b4-3807-4c4d-8fda-ebcfe3a7a573','Solar Plant New Christopherstad',403.420,'2015-12-05'
'57d0303b-5b16-4c49-89a0-23cd219f06ba','Solar Plant New Shelly',384.490,'2018-11-26'
'c5ce1ce1-a8fc-4c42-802a-9f8af36a6484','Solar Plant North Christinaburgh',110.120,'2019-01-31'
'322a784a-faba-458b-99be-ebc00bd3492c','Solar Plant South Thomasview',200.780,'2018-02-13'
'38253a99-7f66-4a93-a676-cb782a826d3b','Solar Plant South Richard',197.900,'2015-12-05'
'c2234fa0-cd69-4445-856a-1dd5b693d6b0','Solar Plant Port Desiree',222.520,'2020-01-15'
'1319c911-b860-482b-8f96-dfa01f42a663','Solar Plant West Tiffany',390.210,'2016-04-15'
'cb2ecf90-18df-4fd9-8bf8-592652efacdd','Solar Plant Lake Debrahaven',402.160,'2015-05-20'
'47a7cd17-f1d6-4b43-b0c5-f5663ca2fb35','Solar Plant Penningtonland',89.060,'2022-12-08'
'22acdad9-ee7e-4519-bcef-9fdfa17c43bd','Solar Plant Fernandezstad',296.670,'2023-06-16'
'8acebcc5-1a88-4108-a84a-64ca14c2d276','Solar Plant Smithview',292.770,'2022-03-03'
'f46036f4-8aa6-43f3-a4ce-e1d6501aecf7','Solar Plant South Cynthiaberg',168.060,'2021-01-27'
'd7ddca67-284a-4fef-83cd-16d55dc833f8','Solar Plant East Devin',341.730,'2018-01-20'
'81faa619-1cc9-49ad-bc58-f614c9e80194','Solar Plant Woodborough',200.910,'2024-02-11'
'fd345ca9-7560-4398-94be-f9fc6349d726','Solar Plant Jamesshire',243.360,'2019-02-26'
'bb779be0-f54a-45e2-8943-05c74f488b7f','Solar Plant Lake Nancy',406.170,'2015-10-27'
