'NOTE_62WV','RET_M9GTT','Take cut east.'
'NOTE_FCBF','RET_L8K68',''
'NOTE_XD4E','RET_4S9OK',''
'NOTE_19AC','RET_XZTG5',''
'NOTE_AXL7','RET_DYDVF',''
'NOTE_N7C2','RET_2HHJ6',''
'NOTE_1TOE','RET_ICC8O','Meeting challenge dream yet.'
'NOTE_XK50','RET_736UE','Base in another whole.'
'NOTE_N0ZU','RET_ZZ9WK','Draw reason management around.'
'NOTE_U6OK','RET_ARN6A','Control film she win.'
'NOTE_3C3X','RET_HZ8KM','Onto moment test rock seem election budget carry.'
'NOTE_27CL','RET_TWKB8',''
'NOTE_H3TI','RET_GT12F',''
'NOTE_PY78','RET_S64MZ',''
'NOTE_PXO8','RET_H7W4M','Play start drop.'
'NOTE_2U3G','RET_L2212',''
'NOTE_F6MR','RET_G1G6D','Billion foot prevent along back even.'
'NOTE_I1WW','RET_84YJX','Body better piece drug.'
'NOTE_5EX5','RET_2SO43','One old officer professional.'
'NOTE_5CMX','RET_NIA6X',''
'NOTE_6UHU','RET_230JO','Drug support join benefit remain important past story.'
'NOTE_CO3O','RET_T9X8I',''
'NOTE_DTB6','RET_RYWA5','Often sign almost card.'
'NOTE_Z729','RET_EVOAJ',''
'NOTE_3EMS','RET_XS13H',''
'NOTE_98I1','RET_BYMS1','School body sound big question available.'
'NOTE_2BUS','RET_2DGUY',''
'NOTE_YHFD','RET_DG9NC','Nearly civil pass impact yard manager reach fear.'
'NOTE_NRBL','RET_3OPIN','Pay paper word forward PM anyone.'
'NOTE_NB8U','RET_60KQ6',''
'NOTE_W7J9','RET_CL5K4',''
'NOTE_DD0B','RET_MX25Q',''
'NOTE_UJYL','RET_4YC5G','Base group cost especially.'
'NOTE_WRE7','RET_ZO8QI','Thousand country everyone full.'
'NOTE_LHRT','RET_2WVRT',''
'NOTE_MP3P','RET_PL7RM','Attack live attack third small.'
'NOTE_H9SZ','RET_Y92QP','Cell chair boy well no within.'
'NOTE_J1IY','RET_EXXX8','With behind line after wide.'
'NOTE_Z3P1','RET_2K0JU',''
'NOTE_5HIY','RET_ODJ8Z','Back two one edge ahead.'
'NOTE_9NKA','RET_QAHOX','Certainly scene heavy once expert no.'
'NOTE_02YL','RET_FF8C0',''
'NOTE_F0FE','RET_E9FI1',''
'NOTE_VXIJ','RET_4MG8R',''
'NOTE_K2SE','RET_QL5FO',''
'NOTE_V8FB','RET_1R7H4','Kind worker fish nothing.'
'NOTE_KFV1','RET_27KDB','Form collection walk half rather child company.'
'NOTE_RWYY','RET_A75QQ','Agent now gun example act value police.'
'NOTE_8IF6','RET_1QNC6',''
'NOTE_ANQK','RET_1C9G4',''
'NOTE_VP69','RET_0KJB0','Book career contain middle you lot situation.'
'NOTE_HZNJ','RET_LN4Z1','Music board catch find.'
'NOTE_LDTE','RET_BJ6WG','Agree among beyond itself small those school over.'
'NOTE_UPA3','RET_SC08Q','Benefit quite science.'
'NOTE_6UNA','RET_7VHFL','Career full author program top environment state threat.'
'NOTE_JVBH','RET_O834W','Grow hundred these consider what.'
'NOTE_4WDU','RET_FKPAL',''
'NOTE_8H73','RET_ORGDY','Tree walk common standard fine.'
'NOTE_JA25','RET_YQ8YO',''
'NOTE_DIHA','RET_VRCMS',''
'NOTE_77M4','RET_Q3XVJ','Call specific necessary simple sell.'
'NOTE_NPGP','RET_OBZS5',''
'NOTE_4V2R','RET_0JWXX','Wife second begin thus benefit car us TV.'
'NOTE_28W3','RET_80TNA','Doctor lead our music himself true.'
'NOTE_O5DS','RET_BJJKU','Up born thus.'
'NOTE_NTJJ','RET_N7ZTE',''
'NOTE_0NHJ','RET_RA6BC',''
'NOTE_GA7X','RET_FMAAW','Nor three information goal detail popular ever.'
'NOTE_U30B','RET_93A78',''
'NOTE_9LL9','RET_Z94IU','Member accept line it third cell.'
'NOTE_CSY4','RET_D3Y5C',''
'NOTE_NIG5','RET_Z9CN7',''
'NOTE_6TKD','RET_7TKRQ','Organization owner cost result order short effect.'
'NOTE_DPIB','RET_SSZ1L',''
'NOTE_74Z8','RET_DPU1J','Whose management stand adult.'
'NOTE_TFJG','RET_G36CN',''
'NOTE_UR3B','RET_0KH1R',''
'NOTE_1MLJ','RET_WZIQ7',''
'NOTE_3W9V','RET_QW4UA',''
'NOTE_ROIE','RET_CSJF3',''
'NOTE_JMVM','RET_6BGPK','Card job vote none nearly.'
'NOTE_5WZF','RET_N9H35',''
'NOTE_BQCM','RET_RPUKP','Record travel yeah management.'
'NOTE_UMJN','RET_SNHE4',''
'NOTE_ZEU0','RET_UWYBJ','Give firm light.'
'NOTE_18W7','RET_JN2GJ',''
'NOTE_3DYL','RET_YE0XO','Gas candidate law heart eight rock near front.'
'NOTE_F7M5','RET_2ZI7Y','Break old ago eight past discuss.'
'NOTE_0K0H','RET_U3DEG','Simply beautiful air study improve.'
'NOTE_SRAG','RET_BHPFO',''
'NOTE_6KMB','RET_LUFSN',''
'NOTE_LJXJ','RET_7N7HB',''
'NOTE_AX1G','RET_8P1Q8',''
'NOTE_8O1F','RET_0TE7M','Family democratic open sign.'
'NOTE_GU9M','RET_S7IP4',''
'NOTE_CC3M','RET_VK0W3',''
'NOTE_EC6G','RET_L84PS',''
'NOTE_V8FU','RET_9JUK4',''
'NOTE_72R7','RET_DR5BQ','Total culture business guy.'
'NOTE_XHKB','RET_V4TXV',''
'NOTE_494Z','RET_CEQXS',''
'NOTE_NC81','RET_EA94Y',''
'NOTE_DIM3','RET_P858X','Camera nice herself know investment main set.'
'NOTE_6PFM','RET_YQUGY','Report they main guess because.'
'NOTE_5GQJ','RET_UYFU6',''
'NOTE_8U2H','RET_LFLYT',''
'NOTE_0QII','RET_SYK0O','Small risk program receive ground worry Mrs.'
'NOTE_Q094','RET_UVDWV','Father nearly set image.'
'NOTE_K4PV','RET_6XRR7','Form specific job themselves.'
'NOTE_MIGY','RET_M7F6G','Traditional tough look eye need measure else.'
'NOTE_I6M8','RET_HDPO5','Effort seem visit.'
'NOTE_GHON','RET_VGTZG','Tough woman member born.'
'NOTE_8ENQ','RET_TF181','Risk meet four brother.'
'NOTE_GRW0','RET_8E0ZO','Good next exactly food page same sign.'
'NOTE_UWI3','RET_PMF7V','Sometimes wide pattern sort parent decision.'
'NOTE_T7N6','RET_W8YZX',''
'NOTE_0ACE','RET_FQZVR',''
'NOTE_B09X','RET_FUGJC','Much key lay.'
'NOTE_XF7I','RET_6F0MF','Able outside address police.'
'NOTE_BKYO','RET_NN746',''
'NOTE_YLGP','RET_98383',''
'NOTE_M24C','RET_C3W8W','Nothing for billion police these art.'
'NOTE_B9B5','RET_P7KT5',''
'NOTE_6ASK','RET_5PF15',''
'NOTE_7XV6','RET_KJ37D','Control federal rest trip year civil room too.'
'NOTE_84HM','RET_VSGU5','Could foot Mr factor.'
'NOTE_2W36','RET_ITWZ5',''
'NOTE_71MB','RET_L0959',''
'NOTE_NAR4','RET_29HF8',''
'NOTE_NZ5X','RET_8TROT',''
'NOTE_KF2Q','RET_DN6TZ','Newspaper current they full.'
'NOTE_7D0C','RET_9DCY1',''
'NOTE_GQJY','RET_A6YY6','Point charge page site buy clear.'
'NOTE_O6OW','RET_08A4A','Rate set sing hot public head.'
'NOTE_VUX8','RET_SYO15',''
'NOTE_XW15','RET_YDWZE',''
'NOTE_WK6P','RET_ZR3AO',''
'NOTE_IHLH','RET_E311C','Age stop tend soon heart relationship interesting.'
'NOTE_2MCN','RET_DBKTE','Team what friend low throw begin force.'
'NOTE_T5F5','RET_T7A4M','Together more professor east gas.'
'NOTE_2WQ4','RET_OVXZ7',''
'NOTE_1O0N','RET_JVPO4','Like support southern.'
'NOTE_LR7D','RET_M0AAH','Power style house hold edge something.'
'NOTE_VFJY','RET_ET5RD',''
'NOTE_A2WW','RET_KWVG7','Doctor side specific second beyond.'
'NOTE_DF52','RET_ADJCB','Pressure art evening age machine.'
'NOTE_G7G0','RET_4K6KC','Event order brother protect attorney.'
'NOTE_WXKG','RET_NKBCG','College rate of affect.'
'NOTE_NQRH','RET_6X833',''
'NOTE_KHRV','RET_GQ1JN','By knowledge keep whole example.'
'NOTE_2SBS','RET_FJ0V8','Station range young pressure.'
'NOTE_HKJ5','RET_4Y4MC','Parent hope pay sound interview off friend.'
'NOTE_PTAS','RET_AOQRX','Summer suffer television military around factor.'
'NOTE_JKRX','RET_AKO45',''
'NOTE_O93Y','RET_ACB8F','Security television and whole.'
'NOTE_I0V2','RET_WSS5H',''
'NOTE_FW9J','RET_1Y8DG','Back involve ten hard drive heart.'
'NOTE_E01K','RET_NY7HX','Form while fear popular ready successful claim question.'
'NOTE_ZC7E','RET_PTP3U','Rich central energy even.'
'NOTE_V6SQ','RET_BCLLV','Collection view card look head possible management.'
'NOTE_A67R','RET_NEO34',''
'NOTE_8RJ8','RET_WBRCO',''
'NOTE_4F5G','RET_T9RVK',''
'NOTE_B7MQ','RET_2MSEJ','Although focus management employee system.'
'NOTE_MIZX','RET_V85H3',''
'NOTE_7DNG','RET_JANPO',''
'NOTE_72UW','RET_8GMAS','Road including authority within join.'
'NOTE_IGD8','RET_4UNQ3',''
'NOTE_DCZ7','RET_3RUJA','Entire number suffer system majority.'
'NOTE_V4NT','RET_13EOF',''
'NOTE_5RP8','RET_VZWMM','Administration interest at other.'
'NOTE_T05C','RET_XF0AD',''
'NOTE_SFYC','RET_NQ7IG',''
'NOTE_C0SP','RET_2WNSN',''
'NOTE_T1N8','RET_ICW0R',''
'NOTE_GP5D','RET_9TF6U',''
'NOTE_8X2N','RET_DP2U5','Cell apply may room.'
'NOTE_YMN3','RET_ZC3L1',''
'NOTE_KDAS','RET_R3SL8','Enter represent city already.'
'NOTE_7NGC','RET_I0RBQ',''
'NOTE_F3FB','RET_YBBKR','Officer charge blood explain strategy.'
'NOTE_NDDR','RET_QIG5G',''
'NOTE_HC9D','RET_9YF2N',''
'NOTE_DIT2','RET_J98EI',''
'NOTE_SPG2','RET_XA34Y',''
'NOTE_CWHM','RET_ACVUB','Staff write town foreign adult.'
'NOTE_X1BP','RET_DHMFX','Phone save still military.'
'NOTE_YJSE','RET_WOUPO',''
'NOTE_M1MM','RET_1J2Q6','Discover society first garden low population.'
'NOTE_0SN8','RET_9VBOG',''
'NOTE_O6S3','RET_LXU8S',''
'NOTE_GKRP','RET_KFLXV','Animal stock nearly less miss threat reality.'
'NOTE_G5XR','RET_ROOR2',''
'NOTE_PVGT','RET_BH5Q1','Quite radio bill account piece.'
'NOTE_8QSY','RET_2127G','Body community voice father despite war require.'
'NOTE_J94H','RET_MPK60','Whom learn ago too lawyer my itself.'
'NOTE_0TI2','RET_PVSFW','Tonight act case point role commercial.'
'NOTE_EPIB','RET_UB0UF',''
'NOTE_QN86','RET_X579A','Help cover quickly staff news scene strategy.'
'NOTE_CO1F','RET_4Z9S6',''
'NOTE_2QKJ','RET_PED9Y',''
'NOTE_K10Q','RET_EK9SW','Person likely stage name.'
'NOTE_IDPZ','RET_D9HZE',''
'NOTE_T5FZ','RET_NL4AB','East method hospital become language president development.'
'NOTE_1HKY','RET_RQK42','Official themselves court whole Mr institution.'
'NOTE_3FBF','RET_KK0MT',''
'NOTE_2O0Y','RET_2LUR8','Prevent see she voice no growth.'
'NOTE_PK56','RET_HKEE5','Accept yes beat ago.'
'NOTE_G1V1','RET_R2SPT',''
'NOTE_H82D','RET_98NI3',''
'NOTE_RLPH','RET_M88NQ',''
'NOTE_N5PR','RET_5BOK3',''
'NOTE_03Z4','RET_VOF7Y','Fill couple state which.'
'NOTE_CN05','RET_C0899','Entire clearly weight low fish relationship.'
'NOTE_PH9M','RET_S76GB',''
'NOTE_WH5Z','RET_7BAHN',''
'NOTE_D1DQ','RET_3R3SR',''
'NOTE_BQI3','RET_0F9UL','Course design unit audience effect.'
'NOTE_1KZE','RET_WI2BQ','Just statement model more seek health prepare use.'
'NOTE_6ZZW','RET_VFTX8',''
'NOTE_A513','RET_BXWQJ','Trade general want seat animal example quite audience.'
'NOTE_407D','RET_WL9OO',''
'NOTE_LXVI','RET_YHYX5','Treatment sign wall common yourself subject offer.'
'NOTE_8BFN','RET_F54TO','Successful speak play traditional well ago them.'
'NOTE_0ING','RET_RQW39',''
'NOTE_OHZ7','RET_40XZU',''
'NOTE_YANM','RET_AI0BG','By read child recent increase activity above read.'
'NOTE_451J','RET_TFC04','Year Democrat right standard reveal human candidate.'
'NOTE_LUC5','RET_XQTQZ','Should better however happen.'
'NOTE_GFQY','RET_1ORJI',''
'NOTE_XGGX','RET_TGI3O',''
'NOTE_0QV1','RET_WFM1D',''
'NOTE_PHZ0','RET_O8R61',''
'NOTE_XDQB','RET_Q4AS7','Well central perhaps gas clear.'
'NOTE_KZPG','RET_BZ1YI',''
'NOTE_A9Z9','RET_BIOPK',''
'NOTE_3UEL','RET_F7IO4',''
'NOTE_I6NZ','RET_C398D','Board compare statement great ahead Congress including.'
'NOTE_39RC','RET_H2BZS','Rise other risk pressure truth.'
'NOTE_VQIN','RET_XIHSL',''
'NOTE_HG85','RET_0QKKI',''
'NOTE_53LC','RET_STKUF',''
'NOTE_9IB9','RET_26MFM',''
'NOTE_S94A','RET_21ST9',''
'NOTE_N92B','RET_3YT3M',''
'NOTE_AL1X','RET_CD9E2',''
'NOTE_WKU3','RET_BVAR6',''
'NOTE_37XK','RET_VXF2E',''
'NOTE_J0R0','RET_IP8RK',''
'NOTE_YYF7','RET_3QMX0','However head heart.'
'NOTE_4M3B','RET_OH0WH','Teach create week friend.'
'NOTE_UWRR','RET_648VL',''
'NOTE_EG25','RET_OEAYX','Individual civil would power save.'
'NOTE_F5UT','RET_02972',''
'NOTE_PEIR','RET_A5W1C',''
'NOTE_ZUMO','RET_RGV3A','Sign million compare particular final.'
'NOTE_LXDF','RET_982OD',''
'NOTE_Q6CA','RET_WMECX',''
'NOTE_V2Z5','RET_QKJ3R','Senior front chance through never fill.'
'NOTE_KPHA','RET_2NY5J',''
'NOTE_74XR','RET_ARZXV','Determine many tend light school.'
'NOTE_DPZJ','RET_LXS8O','Baby them learn nature off almost firm.'
'NOTE_VXCN','RET_1IDGR','Personal environment back image short wish often.'
'NOTE_KDJ3','RET_5EY7P','Site yard author night scene they.'
'NOTE_YN8L','RET_FCRFO',''
'NOTE_TMLR','RET_9QO9X',''
'NOTE_9LSM','RET_ZFLQ8','Realize story grow him ground fall person.'
'NOTE_95H8','RET_PED7T',''
'NOTE_1BKS','RET_PWYW8',''
'NOTE_NV6K','RET_BLPHZ',''
'NOTE_GYPC','RET_2FN05',''
'NOTE_2NJ6','RET_H5HJW',''
'NOTE_JQ9B','RET_NRV0S',''
'NOTE_RYV9','RET_AZNMD',''
'NOTE_4V1F','RET_M0WYC',''
'NOTE_D2EL','RET_366KI','Car weight authority.'
'NOTE_HTJ6','RET_EX9R9',''
'NOTE_1XWU','RET_RF22E',''
'NOTE_DJ95','RET_24OJF',''
'NOTE_FQLK','RET_33WUP',''
'NOTE_XBAU','RET_ORJ4B','Sure item must just.'
'NOTE_OGUB','RET_8AJ9Q','Suggest environment continue five she.'
'NOTE_AIZ5','RET_5TUJZ','Western interview ever join carry start strong.'
'NOTE_P490','RET_UN1UK','Into from interview anyone truth own.'
'NOTE_TPO6','RET_QYQXK',''
'NOTE_TVP9','RET_6IYTE','Include staff blue thing trade memory coach.'
'NOTE_2VC7','RET_4WOQK','Stuff identify tend never another want.'
'NOTE_BYNL','RET_1RO2Q',''
'NOTE_CV85','RET_ZB3WS','Production investment painting goal lay.'
'NOTE_7TB7','RET_ZRYK0','Price final himself.'
'NOTE_H5OS','RET_QIJ79','Size something religious until street tree.'
'NOTE_4I1H','RET_0Z3G5','Dog mission enough.'
'NOTE_ENDO','RET_W982G',''
'NOTE_QEZQ','RET_1US6G',''
'NOTE_E845','RET_RXBIL','True although help down.'
'NOTE_ZBFC','RET_RIWCV','Style big minute chair paper.'
'NOTE_UTOT','RET_HPJQ2',''
'NOTE_DZ3M','RET_T8K4A','Work everything health laugh me action.'
'NOTE_4O1B','RET_UYGS3','Art prevent administration may piece picture training.'
'NOTE_TAGJ','RET_GNKUL',''
'NOTE_ZLT2','RET_0DI0Y',''
'NOTE_C864','RET_SZVMV','Ask agree central look imagine course.'
'NOTE_YSSX','RET_4RNDE',''
'NOTE_WJRR','RET_XUIVH',''
'NOTE_D1NM','RET_M5J8B',''
'NOTE_V3WC','RET_RAD1C',''
'NOTE_1T31','RET_U81TH',''
'NOTE_8PEL','RET_E3QS7',''
'NOTE_HZ61','RET_RMXJY','Enjoy group specific to person then.'
'NOTE_1OCJ','RET_L8VJ0','Agent keep police wife morning media or.'
'NOTE_PDO3','RET_9STVE',''
'NOTE_Q5QH','RET_DHOSC','Media amount even happen arm join successful his.'
'NOTE_60I8','RET_OSW4R','Begin race goal game bit.'
'NOTE_O5EX','RET_1Q7B4','Impact investment response human large quite four.'
'NOTE_GIFM','RET_HPXLM','Water leg entire concern.'
'NOTE_837J','RET_MWGPA',''
'NOTE_VV98','RET_YTCK0','Police you memory include party event involve.'
'NOTE_NUOL','RET_P4BQM','Step view matter space.'
'NOTE_JT21','RET_J6NX3',''
'NOTE_UBYE','RET_S6L0S',''
'NOTE_263U','RET_G8L3J',''
'NOTE_CW1C','RET_GT4UN','Responsibility ground near involve experience piece.'
'NOTE_0N5T','RET_HPU47',''
'NOTE_FS6B','RET_BN3AG','Company man feel both music trip give win.'
'NOTE_VR15','RET_BDJTS',''
'NOTE_J8YI','RET_A8Q8Y','Degree understand professional family.'
'NOTE_OOW0','RET_PLQV1','Travel chance important sister job.'
'NOTE_IW9Y','RET_44740','Factor seven read care air shake we.'
'NOTE_S6LE','RET_1RH79','From lot fly baby house.'
'NOTE_4PHP','RET_4IQG4',''
'NOTE_TAZ8','RET_MR9BL',''
'NOTE_F19X','RET_C7VD3','Attorney decade instead source author simply style.'
'NOTE_65LD','RET_4949W',''
'NOTE_YU57','RET_8ZAJK','Onto show miss public light around.'
'NOTE_3K9L','RET_UZ9P0',''
'NOTE_9LFC','RET_NPL8A','Return method federal evening whom real agreement.'
'NOTE_27NB','RET_G2LTP','Left music bring drive father especially record.'
'NOTE_SL1C','RET_8BRW2','Agency increase quickly song side.'
'NOTE_XVR4','RET_ORD1B','Mean church course phone like test.'
'NOTE_NK6M','RET_O8IFC',''
'NOTE_YIGP','RET_7JGB9','Subject group seven soon.'
'NOTE_P2C2','RET_3F59O','Spend tree base turn name mouth space.'
'NOTE_HFFH','RET_CRTY3',''
'NOTE_BIYL','RET_WW9IX','One effect standard list any government itself.'
'NOTE_1OXA','RET_2VP8M',''
'NOTE_JINH','RET_HQ0TK','Range arrive start.'
'NOTE_LGE5','RET_THBR5',''
'NOTE_7OJJ','RET_X1ZG5',''
'NOTE_I3YS','RET_XZEBF','Wall every financial trade.'
'NOTE_M786','RET_JOTI5','Star become newspaper little practice myself stock again.'
'NOTE_B9R8','RET_UZTCX',''
'NOTE_VHLZ','RET_B68HW','Color father have hard simply white rise when.'
'NOTE_EHYX','RET_1AXJH','Congress couple today evidence according.'
'NOTE_K9AO','RET_HRLRA','At magazine ten participant.'
'NOTE_NUIT','RET_14FFH','Do prevent send team.'
'NOTE_C6TR','RET_TZ1H7',''
'NOTE_0P6P','RET_UCF5D',''
'NOTE_PFPC','RET_9I8V9','Natural seem affect region possible almost.'
'NOTE_5A0I','RET_IB7EL',''
'NOTE_RTE2','RET_Q6255','Raise fight space anything rather record successful know.'
'NOTE_EI6Y','RET_2JKF4','Require economic shake.'
'NOTE_LQJW','RET_T0742','Happy from moment body space thus.'
'NOTE_M95T','RET_YVA2T','Tv nice staff safe bad hotel.'
'NOTE_Y3XZ','RET_WE2BQ',''
'NOTE_2PSN','RET_1FJHQ','Happy other bar nothing.'
'NOTE_MLYN','RET_ZD71R','Purpose oil situation expect arm.'
'NOTE_N5FT','RET_72RV2',''
'NOTE_VNTT','RET_1FAAD','Tend certainly leader.'
'NOTE_RDK1','RET_0RNCV',''
'NOTE_NFA3','RET_XOQMP',''
'NOTE_DL3R','RET_RLI51',''
'NOTE_NRH3','RET_J676Z',''
'NOTE_YVBC','RET_4K6K0','Carry power number break investment above vote.'
'NOTE_Y4H8','RET_0XCDO','Record firm provide late.'
'NOTE_OIMK','RET_JQTL4',''
'NOTE_JWNO','RET_7D5TP',''
'NOTE_ZN03','RET_EI17Z','Must human quality none.'
'NOTE_07FC','RET_A4XFJ',''
'NOTE_BPP9','RET_UZ98Q',''
'NOTE_I98E','RET_JXNZ6','Alone quite tax grow take certainly necessary speech.'
'NOTE_6E38','RET_NSOOA','Write because something half serve indicate.'
'NOTE_R2KT','RET_KHFF7',''
'NOTE_2UWL','RET_4HYZC',''
'NOTE_FA9V','RET_G0CH1',''
'NOTE_70CS','RET_1ELVJ','Simple what arm ahead.'
'NOTE_RGKM','RET_V5YCK',''
'NOTE_LKOS','RET_MRN0I','Value work list issue face.'
'NOTE_JW1Y','RET_0KZAP',''
'NOTE_8VRK','RET_N5K20','Low lead travel then certainly final.'
'NOTE_8IB1','RET_US8HE',''
'NOTE_G55G','RET_QSPH9','Event heavy central.'
'NOTE_J9BB','RET_LKA9H','Nearly create wish.'
'NOTE_LOOH','RET_2XKC1',''
'NOTE_QUTU','RET_AZBI6',''
'NOTE_H4GU','RET_UJWBW',''
'NOTE_PJTJ','RET_A92W0','Policy model trip husband.'
'NOTE_1ZOB','RET_SE95V','Test article test now all anyone yet hope.'
'NOTE_1X1K','RET_SX107',''
'NOTE_6TAG','RET_AX2UX',''
'NOTE_PIC0','RET_PPYVS','Southern a us answer.'
'NOTE_H9HH','RET_5AVQP','Finally moment explain play.'
'NOTE_RXVP','RET_G2NBO',''
'NOTE_9P5V','RET_2K62Y','Available cover likely health material.'
'NOTE_6ZP1','RET_G9OO2','Knowledge field summer rather.'
'NOTE_Y035','RET_MMCWH',''
'NOTE_TUUE','RET_007QY',''
'NOTE_JQCH','RET_6OX7M','White level save.'
'NOTE_9YGT','RET_GJDIX','Financial dream hand put.'
'NOTE_8JR2','RET_DRYN4',''
'NOTE_VYKO','RET_5O76L',''
'NOTE_6DCO','RET_TCRA9','Government upon trip.'
'NOTE_5ASN','RET_1BOXX','Game positive attorney indicate show check.'
'NOTE_AB00','RET_LN5HJ','Month ahead seek boy other.'
'NOTE_ATSH','RET_CN0MJ',''
'NOTE_KXWD','RET_WW1DV',''
'NOTE_UTHW','RET_LMX8P','Mother stand town strong language say expert.'
'NOTE_NDR1','RET_FJCFB',''
'NOTE_GARU','RET_3AGF1',''
'NOTE_I6MR','RET_82KQN',''
'NOTE_JFV4','RET_D08J6','Fly performance support three cut.'
'NOTE_RUJZ','RET_QZI7U',''
'NOTE_64D0','RET_XTA4J','Bring meeting various improve.'
'NOTE_DP73','RET_XMCBN','Question history marriage of ask animal push.'
'NOTE_DEGP','RET_W1PJT',''
'NOTE_ZZQ1','RET_GJYRW',''
'NOTE_L8IM','RET_4NZ44','Size whom boy I make college number.'
'NOTE_7WJ0','RET_WVPF2',''
'NOTE_9NWI','RET_P7QPY','Safe guess politics.'
'NOTE_KBP4','RET_943XN','Consumer school second source southern.'
'NOTE_PHC6','RET_01YYM',''
'NOTE_T9QT','RET_QUVCG',''
'NOTE_NB3F','RET_H48ZQ',''
'NOTE_XDP7','RET_WEDFP','Along also fire west likely.'
'NOTE_OZIP','RET_FPFNF',''
'NOTE_TUUI','RET_L904N','Or protect wall develop understand.'
'NOTE_7K52','RET_MWQ5C','It idea world deep common run very maybe.'
'NOTE_QA3N','RET_E6IE8',''
'NOTE_W83F','RET_YRZJY',''
'NOTE_1RTP','RET_5BFOP',''
'NOTE_6W9L','RET_U3D6T',''
'NOTE_9IAA','RET_XFXLA',''
'NOTE_3NGD','RET_XGIDK','Sit century policy official eye democratic before.'
'NOTE_AGTJ','RET_RT21K',''
'NOTE_6O95','RET_WEBAH','Per reduce nor ok.'
'NOTE_JWZI','RET_RIPDS',''
'NOTE_9JA4','RET_LEVDW','Likely feeling poor.'
'NOTE_IUKB','RET_9ZKL3',''
'NOTE_IO0T','RET_XT8UJ',''
'NOTE_FBX7','RET_2IDYE','Seat ten enough.'
'NOTE_AO3A','RET_TPTI0','Draw government without involve.'
'NOTE_PDM9','RET_PGHW1','Somebody industry less between one occur.'
'NOTE_ZZW9','RET_TWNDX','Administration listen hundred partner in street.'
'NOTE_J4BJ','RET_SDOO5',''
'NOTE_SL37','RET_ZFXJH','Store soon military here wall marriage management.'
'NOTE_UBBI','RET_I114K',''
'NOTE_ZG29','RET_PQ5HX',''
'NOTE_DNXA','RET_WDNIM','Pay everything form interview either choice house.'
'NOTE_S1C2','RET_1X4HN','At chair analysis order area take.'
'NOTE_7E79','RET_K1OZL','Fine your American.'
'NOTE_ZVUM','RET_Q8LL8','Outside wait box street current serve democratic second.'
'NOTE_941M','RET_4JJ49',''
'NOTE_C56V','RET_K1N1G','American water effect year chance respond hear.'
'NOTE_EHGO','RET_KFQLW','Discussion born member responsibility.'
'NOTE_SYIY','RET_YKLI1',''
'NOTE_GKMU','RET_I3I5L','Sister happen down city speak able.'
'NOTE_MHWU','RET_U6H9C',''
'NOTE_K0NE','RET_BU6G2',''
'NOTE_NHS3','RET_041AX',''
'NOTE_4TM5','RET_RPK36',''
'NOTE_E81K','RET_1ZDZL',''
'NOTE_D113','RET_CAT1K','Another little edge much.'
'NOTE_RGW1','RET_LM3Q3',''
'NOTE_CTPE','RET_CJ2OS','Talk in past test task include.'
'NOTE_NTPS','RET_DV57G',''
'NOTE_I14K','RET_JKMSV','Travel tax main number figure.'
'NOTE_1UGE','RET_0HI80','World cut various conference.'
'NOTE_7O16','RET_OVKU0',''
'NOTE_VHZ6','RET_RMUEW',''
'NOTE_L4AG','RET_2JW8Q','Light just off similar stop growth not.'
'NOTE_RUWC','RET_NYZQX',''
'NOTE_DVST','RET_GYDKS','Along Congress item front others young successful.'
'NOTE_FXMZ','RET_KE8DG',''
'NOTE_8TM5','RET_Z71QL','Bank somebody save single.'
'NOTE_XJAA','RET_13AMJ','Few prepare task community young from.'
'NOTE_IDGE','RET_JCB2M','Thing environment tough visit court.'
'NOTE_QEL5','RET_REHO6',''
'NOTE_FUV9','RET_XGVHD','Soldier professor place.'
'NOTE_8N31','RET_762RP','Buy behind hair than various society.'
'NOTE_IEG9','RET_X2FA4','Born she also stop accept check.'
'NOTE_YHVF','RET_X5AML','Character society learn doctor instead summer.'
'NOTE_H0VS','RET_XM99X','Trip loss party.'
'NOTE_TUNB','RET_NFYC1',''
'NOTE_A95X','RET_6TZZ9',''
'NOTE_CQIL','RET_H0LM7',''
'NOTE_UAQG','RET_Q51ED','Central thousand skill left not.'
'NOTE_BB0H','RET_ICPE6','Card key couple no agent.'
'NOTE_RVHE','RET_2DI2I',''
'NOTE_ZJ5J','RET_E3UJP','First former provide traditional audience listen.'
'NOTE_PD94','RET_RTJ3J','Reality street yet real research degree necessary front.'
'NOTE_ECVV','RET_R713A',''
'NOTE_IPFM','RET_QNEES','Story camera total without air.'
'NOTE_5796','RET_VKXTX','Recently condition coach across.'
'NOTE_LTBJ','RET_J4QW3','College into interest money follow leader.'
'NOTE_KO1P','RET_FL1K7',''
'NOTE_JX2F','RET_AR7QH',''
'NOTE_TMTG','RET_T5DHG','Fast maintain half create give today.'
'NOTE_14VH','RET_OC0E5',''
'NOTE_SO5S','RET_YTXZL','Trip key all.'
'NOTE_QJ1I','RET_GH14P','Up imagine down ground sound to quickly.'
'NOTE_A6ZO','RET_3BUSB','After change law son exactly.'
'NOTE_2WEG','RET_1IZHT',''
'NOTE_EJ37','RET_86W2M',''
'NOTE_4H7S','RET_E2TFB',''
'NOTE_IW10','RET_7LRCX',''
'NOTE_EMRJ','RET_NCLKF',''
'NOTE_DHSI','RET_KKX96','No her people current about computer effect low.'
'NOTE_XWZR','RET_455VX','Not finish claim perform college.'
'NOTE_MXZP','RET_LZZB4','Dream computer behavior.'
'NOTE_SD4Z','RET_K4EG2','Former morning bit.'
'NOTE_VKN8','RET_1LE37','Trouble network same control data.'
'NOTE_EVKB','RET_LN5M4',''
'NOTE_26JU','RET_B1O7U',''
'NOTE_95ET','RET_7O4LF','Challenge company whose provide.'
'NOTE_WFYQ','RET_UOIGP','American film relate report movement military side professor.'
'NOTE_BPDS','RET_TXPYC',''
'NOTE_EK94','RET_92H5P','Partner main seek political list.'
'NOTE_FW20','RET_2E73I','Miss move teach though form seek perhaps.'
'NOTE_CPRY','RET_S8FQR','Road have ability consumer magazine yes watch fast.'
'NOTE_CKS8','RET_R77XW',''
'NOTE_4HV1','RET_DP4HA','Plan would management fast bag present.'
'NOTE_2GNR','RET_8EOO7','Inside course plant adult develop.'
'NOTE_DOBU','RET_VGSY7',''
'NOTE_TMQT','RET_PE3XW',''
'NOTE_JOX0','RET_HWLGH','Nature receive learn glass already unit share morning.'
'NOTE_A98J','RET_JM2YX',''
'NOTE_5XFI','RET_0S8CK','Challenge imagine current rich question economy decide.'
'NOTE_X01C','RET_DDKR4',''
'NOTE_6KDB','RET_1JXV0','History game reduce than hundred.'
'NOTE_OX7P','RET_EUDH1','Should inside break it.'
'NOTE_R6DR','RET_WU72U','So cultural ok recently marriage.'
'NOTE_8GAM','RET_LXRAP',''
'NOTE_PMBH','RET_1TZUH','Size interview person today seat.'
'NOTE_Z0E2','RET_T7N3I','Sure mother lawyer throughout.'
'NOTE_H9RW','RET_G51EG',''
'NOTE_E3WX','RET_10E4H','Court trouble wonder child look table short.'
'NOTE_UCPO','RET_ZC4JB',''
'NOTE_LZ7Y','RET_9PB8G',''
'NOTE_6BUX','RET_O9S9C','Remember why live may.'
'NOTE_3T2B','RET_QSIOR',''
'NOTE_6ZXE','RET_BBUNK','Reduce at figure beyond bad approach.'
'NOTE_IO76','RET_IHBVC','Resource maintain defense if important sometimes oil across.'
'NOTE_RDN0','RET_BJ5UJ',''
'NOTE_RRW9','RET_MVOC7','Listen series dog child federal recognize forget.'
'NOTE_GWPL','RET_KIW3I','Start step woman once for.'
'NOTE_03KW','RET_AK38S','Keep own challenge participant feeling money instead together.'
'NOTE_8HD0','RET_PCF19',''
'NOTE_URY1','RET_YHJ5L','Bed organization beautiful thing.'
'NOTE_UMC7','RET_2XGEY','Color training very.'
'NOTE_1031','RET_7L5KN',''
'NOTE_9CHY','RET_5TK26','Accept talk week force perform seven write.'
'NOTE_HG5T','RET_7S45V','Expert professional really medical relationship sometimes still.'
'NOTE_T9U7','RET_Y88YD','Measure best feeling.'
'NOTE_PL29','RET_44FKF','Wait agreement focus low federal idea.'
'NOTE_1W9K','RET_TKDQP','Ten society word development company successful.'
'NOTE_SV94','RET_8L74A','Beat but because woman series.'
'NOTE_ELIM','RET_ARK29',''
'NOTE_LIGS','RET_ZZ8I0','Several within become professional somebody.'
'NOTE_VZCM','RET_RQ887',''
'NOTE_RZML','RET_4QX07','Take at clear organization fear.'
'NOTE_H6X7','RET_5UNOF','Star believe likely.'
'NOTE_R16Q','RET_RFGFI',''
'NOTE_DPTM','RET_QCZ7K',''
'NOTE_5Z6A','RET_TVU5I','Garden me half meet season practice analysis security.'
'NOTE_ELTP','RET_D4ZQT',''
'NOTE_0WCO','RET_BHSIA',''
'NOTE_B6RL','RET_ORN6C','Key write how important threat building move.'
'NOTE_S2R6','RET_FXSJR',''
'NOTE_7ML1','RET_H8VZX','Teach land share laugh economic save far by.'
'NOTE_X5A8','RET_XVDW2','Try budget direction firm effort state grow.'
'NOTE_DRLC','RET_Q1UOC',''
'NOTE_9WQ2','RET_R58TR','College car effort age need position particular.'
'NOTE_WPSE','RET_AUINT',''
'NOTE_R1LR','RET_4CGNI','What left front.'
'NOTE_K5NE','RET_2UDB6','Image me continue instead agreement wrong task.'
'NOTE_I8HO','RET_MTWVB','Begin already hear design.'
'NOTE_JG47','RET_72PQ2',''
'NOTE_0FHW','RET_I73CG',''
'NOTE_CHPU','RET_SENZI',''
'NOTE_DGW7','RET_YFPOV','Maybe point environment wish.'
'NOTE_OYRS','RET_B85Q9','Must high fire maintain project provide.'
'NOTE_9IDV','RET_WKZZ6','Son staff world national bring game building maintain.'
'NOTE_FSR6','RET_FP6Z1',''
'NOTE_5O4E','RET_WM91S','These conference purpose field.'
'NOTE_JWHO','RET_LFHGX','Investment view full tonight.'
'NOTE_P702','RET_I7NIJ','Last picture fly front pattern trade professor seven.'
'NOTE_EIRH','RET_HRI2E','Fish represent decade people wide beautiful add.'
'NOTE_ESE0','RET_L6CYH','Song building establish.'
'NOTE_37HM','RET_6VXM7',''
'NOTE_CT90','RET_ZXLZZ','Ever point reach high arm imagine.'
'NOTE_H2QO','RET_80C5T','North life trade hope describe old pick.'
'NOTE_8Y87','RET_XZ5GM','It eat health everyone bad establish whatever.'
'NOTE_9BLX','RET_BXAWB','Wall seem recently however describe training environment cover.'
'NOTE_8DAK','RET_1L9RP',''
'NOTE_WYMM','RET_9K4TX',''
'NOTE_JZ4Q','RET_XRJTA','System collection keep yourself run turn energy.'
'NOTE_IJ7S','RET_OQQG8',''
'NOTE_MGD3','RET_7Z8J7',''
'NOTE_0TM2','RET_K70NQ',''
'NOTE_VCAT','RET_JT5QZ','Often have air design stage rest.'
'NOTE_UN16','RET_SWJ60','Begin prove concern federal.'
'NOTE_AOBD','RET_47GNH',''
'NOTE_OGP0','RET_BI0K6','Together theory well office least.'
'NOTE_4GK6','RET_G7LYX',''
'NOTE_5Q8K','RET_1875Z','Picture day clearly successful whole benefit.'
'NOTE_2PTG','RET_ZHI3L',''
'NOTE_KE2G','RET_1766B',''
'NOTE_AU2C','RET_030LL','Society Mr another capital.'
'NOTE_XY23','RET_FLQJO',''
'NOTE_TPO3','RET_CD08M',''
'NOTE_DU5P','RET_4Z2OH','Action necessary trip clearly recent view particular.'
'NOTE_F8EL','RET_Q84LF',''
'NOTE_A5IR','RET_5H6IQ','Not draw cut task.'
'NOTE_F8K4','RET_EY336',''
'NOTE_FAJJ','RET_97D2Z','Throughout road government national defense.'
'NOTE_WP0C','RET_YJC36','Room continue better interesting serve outside.'
'NOTE_GTRO','RET_4DISE',''
'NOTE_C2RP','RET_CA7KX',''
'NOTE_EHXT','RET_Q96VJ',''
'NOTE_FIK6','RET_BJIMS',''
'NOTE_ZNSV','RET_81LCW',''
'NOTE_W27I','RET_IMIOI',''
'NOTE_YA21','RET_X4S9R','Serve region official kitchen by.'
'NOTE_3CJZ','RET_3RDVB',''
'NOTE_CAC0','RET_MCFCO','Meet trip cell light move.'
'NOTE_S2FP','RET_QV01V','Lawyer we ground manage along teacher.'
'NOTE_3ZSY','RET_A7O9F',''
'NOTE_8VLF','RET_ON722','Job officer address natural question trouble would image.'
'NOTE_XUDW','RET_N51ZX','I which meet whole enter add reveal.'
'NOTE_38XH','RET_08S44',''
'NOTE_3IQ2','RET_25QC0','Course officer raise upon.'
'NOTE_3ETV','RET_DV6ST','You message pay less pressure eight move.'
'NOTE_GK97','RET_3AXNF','Strategy school claim source ability.'
'NOTE_2KS6','RET_8CML2',''
'NOTE_ONVS','RET_ZQ2RL',''
'NOTE_GCPT','RET_O8A84',''
'NOTE_IEFP','RET_WMGSN',''
'NOTE_QS7I','RET_8QKZI',''
'NOTE_F4YU','RET_6XE3B','Raise laugh paper himself media take.'
'NOTE_8KUK','RET_V1I2P','Baby rather drop product.'
'NOTE_6HSU','RET_OWRTB',''
'NOTE_0BE2','RET_LSK8L','Feeling out instead.'
'NOTE_RDN9','RET_9BVMT',''
'NOTE_X6PZ','RET_JVP1S',''
'NOTE_HUH5','RET_AZ1BZ','Rate direction sound behind live.'
'NOTE_1LTW','RET_86VFQ',''
'NOTE_88C8','RET_ISWPD',''
'NOTE_3JXY','RET_AIB6J',''
'NOTE_EAUD','RET_MFW4P','Pretty itself hospital factor save few card tree.'
'NOTE_PNMK','RET_DMT81','Forward present matter research.'
'NOTE_44W5','RET_K42H8',''
'NOTE_79Z9','RET_R6FDG',''
'NOTE_ZQHN','RET_6OEPN','Itself quickly cold reality particularly prove hotel executive.'
'NOTE_CL2V','RET_OW414','Actually low far yet middle development hotel hospital.'
'NOTE_XXDH','RET_HCWSO',''
'NOTE_4OLR','RET_57GUV',''
'NOTE_4ABA','RET_1RS9Z','Five big place late reveal.'
'NOTE_K59N','RET_XI93Z',''
'NOTE_YPBG','RET_SGQN1','Long movement upon leg right treatment want.'
'NOTE_L8FR','RET_S986G',''
'NOTE_JM1H','RET_BYUA6','Nation little factor parent.'
'NOTE_ZVCK','RET_QFULJ','Natural help conference manage see everybody.'
'NOTE_PMB9','RET_4IBTG','Thing always degree American fast attack key.'
'NOTE_1JYS','RET_URL1R',''
'NOTE_MBLN','RET_CCV6C','So maintain continue last long choose.'
'NOTE_S87H','RET_7N5D2',''
'NOTE_45R5','RET_H64SW',''
'NOTE_7U6J','RET_PYJOD',''
'NOTE_9DAB','RET_RGN5H',''
'NOTE_OZLR','RET_9MEAB',''
'NOTE_M1I8','RET_037XT',''
'NOTE_6SE6','RET_GW05T',''
'NOTE_4QPD','RET_SRH2P','Rock realize character and cut.'
'NOTE_Y0H9','RET_R6V06',''
'NOTE_5BSE','RET_MHONX',''
'NOTE_IHD8','RET_NSR29',''
'NOTE_TFTT','RET_B70A3',''
'NOTE_J6JT','RET_UILI4','Nor news Mrs.'
'NOTE_2QN0','RET_OTD5V',''
'NOTE_1ER0','RET_Z6M07','Vote cup quite language garden seem.'
'NOTE_PXIT','RET_YWJCK',''
'NOTE_HIW0','RET_24NC6','Reality inside former he very.'
'NOTE_EPG2','RET_HGG7O','Forget audience true floor national know world.'
'NOTE_DAW8','RET_D78I8',''
'NOTE_IFUC','RET_VD01B','Few thus idea place I share.'
'NOTE_EJ08','RET_CPQZD','Help during teacher wish huge.'
'NOTE_TLW7','RET_9S16G','Tonight write husband middle partner.'
'NOTE_VERO','RET_HUJ4C','Beat century way serve into contain.'
'NOTE_FXMW','RET_JOBEX','Money student message half treat staff.'
'NOTE_K55S','RET_S2E16',''
'NOTE_GTWR','RET_6C9XD',''
'NOTE_K1R2','RET_LT6VJ',''
'NOTE_FRWX','RET_VR9WR','Foot power laugh common sometimes until parent.'
'NOTE_7L4S','RET_SQJE7','Blood bill class easy lawyer other enough.'
'NOTE_VQOC','RET_MGOC9',''
'NOTE_PDWX','RET_G7IBA',''
'NOTE_HGPI','RET_AQTET','Item production above.'
'NOTE_48LQ','RET_VD474','Between mind art table.'
'NOTE_3BJK','RET_0FXF3',''
'NOTE_EJLJ','RET_MBCVU',''
'NOTE_TMVD','RET_TE14T',''
'NOTE_7WBS','RET_4ARU4','Office spring theory south drug right.'
'NOTE_OQPB','RET_3ZWQB','Red work central prepare day set official.'
'NOTE_5IKI','RET_O9VKH','Cup drug pressure.'
'NOTE_6T87','RET_YM7PX','Two by character fine those great real.'
'NOTE_0MY7','RET_KO6ZN','Because finally other necessary on something office.'
'NOTE_MUN5','RET_L86AX',''
'NOTE_Y8PN','RET_S9NJ0','Plan no play yeah company value explain.'
'NOTE_EAKN','RET_YN3OG',''
'NOTE_NREP','RET_TFIML','Close item include.'
'NOTE_YI0A','RET_VAP0Y',''
'NOTE_A6RH','RET_3LPDV','Him require herself.'
'NOTE_DBXD','RET_RXXIG','Answer bill rate economy.'
'NOTE_02A0','RET_DXQAJ',''
'NOTE_O2L5','RET_C1DNN',''
'NOTE_3QO7','RET_LW3TO',''
'NOTE_M5O7','RET_WZHU0','Follow resource nor force fall else.'
'NOTE_TU30','RET_MV818',''
'NOTE_5SEN','RET_2ELQ6',''
'NOTE_J2AX','RET_U4C89','Own defense low consumer.'
'NOTE_QFZW','RET_AQ6TL',''
'NOTE_Y14S','RET_A7242',''
'NOTE_Q48R','RET_CF38M',''
'NOTE_7MFC','RET_HIUSB','Finish information bed drive successful door.'
'NOTE_LF9B','RET_5TK5I',''
'NOTE_IOSI','RET_H6930','Catch man tend threat family research firm.'
'NOTE_ZYYQ','RET_GIRZT','Feel poor send light trip success far.'
'NOTE_D76Z','RET_CW8DN',''
'NOTE_B132','RET_7BWUO','Outside vote bank contain.'
'NOTE_3O2I','RET_Y2OIE',''
'NOTE_56ES','RET_PPCK2',''
'NOTE_5AKT','RET_ML5GW','Medical add stock job appear reach newspaper.'
'NOTE_TE07','RET_3VZTK',''
'NOTE_H951','RET_2TODW',''
'NOTE_1C2Z','RET_BMEFD',''
'NOTE_DUTD','RET_GCRPN',''
'NOTE_DMH8','RET_4139X','Service parent young next must.'
'NOTE_RNN1','RET_KPQDP','Contain another describe bill.'
'NOTE_VLYN','RET_W8S5H','Instead middle value heart treatment their individual.'
'NOTE_D7NM','RET_UJMH9','Base others quite receive loss.'
'NOTE_7RIQ','RET_TBVAL',''
'NOTE_W5RO','RET_3IV3N','Up product ball among.'
'NOTE_Q9LO','RET_K3T12',''
'NOTE_GJK5','RET_3IMSO','Phone however show floor.'
'NOTE_C6X5','RET_8WTW2','Fact price three strategy field international.'
'NOTE_OER9','RET_5R8A3',''
'NOTE_U7MJ','RET_OBOFO',''
'NOTE_YTCQ','RET_PNFFU',''
'NOTE_0DZE','RET_N7DZY',''
'NOTE_5C0N','RET_D1AUL',''
'NOTE_EDGV','RET_YFJSB','Model cut itself which machine.'
'NOTE_F85I','RET_WSPOS','Together may meet.'
'NOTE_OITZ','RET_B49NV',''
'NOTE_UZAG','RET_FCBE8','Land law traditional way end.'
'NOTE_L6VI','RET_2VTF1','Should scientist everyone understand relationship newspaper.'
'NOTE_S4VJ','RET_G2HDM','Whose else action really appear audience middle later.'
'NOTE_VW7L','RET_BWK66','Threat condition recently during dark.'
'NOTE_OF9Q','RET_IBERH',''
'NOTE_4OJ9','RET_DHPXO','Game along class sound defense should.'
'NOTE_G302','RET_01OI2',''
'NOTE_0M0D','RET_USZOY','Treat main respond him health middle occur.'
'NOTE_CRNI','RET_ANIF8','Difficult general if officer woman let.'
'NOTE_EYWT','RET_4H5HM',''
'NOTE_A6I1','RET_PA6WE','Bring reason his education fight able visit available.'
'NOTE_AGZX','RET_LPG7F','Perhaps common history set.'
'NOTE_CPSJ','RET_OXLD4','Peace collection pretty late see feel.'
'NOTE_0MYV','RET_07JG4','Less hand quite office number government recognize.'
'NOTE_ZHPH','RET_FC3NM',''
'NOTE_S4LJ','RET_Q7UGS','Decade development action occur view decade southern.'
'NOTE_Y0AJ','RET_WQ5K3',''
'NOTE_MFCO','RET_TR1JN','State defense newspaper.'
'NOTE_AP1B','RET_UFSU8','Beat book notice simply worker foreign alone off.'
'NOTE_Z33F','RET_AJHX4',''
'NOTE_BSHL','RET_ENQGZ',''
'NOTE_ZOER','RET_RBPBO',''
'NOTE_S7TA','RET_3AUHO','Kind way myself think voice rather least.'
'NOTE_TKZ5','RET_AELUO','Color various story case cover choose.'
'NOTE_CEXA','RET_ZHUHV','May according power find pretty physical Republican.'
'NOTE_SWGM','RET_G6R43',''
'NOTE_AMAK','RET_Q6PV1',''
'NOTE_0NYN','RET_BADYP',''
'NOTE_710E','RET_VSTQK','Tell card figure full better.'
'NOTE_E1TX','RET_20MT3',''
'NOTE_MMR7','RET_0B0M7',''
'NOTE_T8FJ','RET_6MLDH','Home history coach court former bad box.'
'NOTE_80X3','RET_G6AKO',''
'NOTE_NXW1','RET_HTUBY','Outside PM city control these bring address.'
'NOTE_VQI0','RET_Y1TSQ',''
'NOTE_G3EW','RET_593GW',''
'NOTE_MNPC','RET_RBAGD',''
'NOTE_349B','RET_O150K',''
'NOTE_J2P4','RET_042ZH',''
'NOTE_3IDH','RET_TDJPR',''
'NOTE_8N15','RET_7I5FB','Sound woman establish.'
'NOTE_JX1E','RET_7O8NG','Choose address treat per music fish heavy.'
'NOTE_FYJF','RET_TEE0K',''
'NOTE_HUIT','RET_TA3E9',''
'NOTE_DB2Y','RET_4TUWA','Culture agree risk news event determine.'
'NOTE_KBHK','RET_E1MXR','Where medical light door mission.'
'NOTE_4FZZ','RET_GPXWN',''
'NOTE_YBGJ','RET_CFWD6',''
'NOTE_7K3G','RET_6NT5T',''
'NOTE_8CLV','RET_UHMOI','Affect blue market buy debate action.'
'NOTE_MJGC','RET_PRQL9','Throughout identify dinner last.'
'NOTE_UBJR','RET_0J23J','Table concern thought them board trouble factor add.'
'NOTE_83BG','RET_MB62K',''
'NOTE_3ZKE','RET_3TLU2',''
'NOTE_86B0','RET_YE9DL',''
'NOTE_GW1W','RET_EI1YX',''
'NOTE_OG2P','RET_I01NM','Usually couple city truth out reduce soldier reality.'
'NOTE_JVGD','RET_W641X','Low church building bit.'
'NOTE_ERNR','RET_207F7','Film everything medical focus let.'
'NOTE_BYVA','RET_PJXQG',''
'NOTE_V4OY','RET_FGB0G',''
'NOTE_XPTU','RET_QK0JH',''
'NOTE_ODYB','RET_09GP4',''
'NOTE_W6DW','RET_SFTY5','Occur yet movement doctor.'
'NOTE_707U','RET_NWZYY',''
'NOTE_042X','RET_1GJ25','Today already wait so hotel state.'
'NOTE_QLMB','RET_4W7E0',''
'NOTE_VLKF','RET_EOW46',''
'NOTE_M5VV','RET_UA69P','Claim yeah yourself accept.'
'NOTE_184S','RET_W4MC0',''
'NOTE_BB5N','RET_BR87C',''
'NOTE_KZGL','RET_TVUHA','Congress around hot glass significant.'
'NOTE_UCQI','RET_1EN66',''
'NOTE_4Z57','RET_Z057J',''
'NOTE_GEWT','RET_ZMFWN','Picture clear player many trial company person something.'
'NOTE_8UAW','RET_MFBIH','Hold fund child continue although tough chair stop.'
'NOTE_KYXC','RET_BZ1JD',''
'NOTE_2LSJ','RET_KQK5C',''
'NOTE_Z40W','RET_0WUIA',''
'NOTE_6LE9','RET_S55WA','Cut really long impact could identify.'
'NOTE_SYOF','RET_5FIT8',''
'NOTE_B323','RET_KNGQB',''
'NOTE_VSMP','RET_TWD1Y',''
'NOTE_7DC7','RET_IECRE','Someone them investment message hour art class.'
'NOTE_Y953','RET_KMAV5',''
'NOTE_2XRQ','RET_DHALJ',''
'NOTE_VVL0','RET_PH7ZZ',''
'NOTE_ILZ3','RET_MXHCZ','Contain sit though late.'
'NOTE_U0M5','RET_ACHHJ','Hard back chance west.'
'NOTE_0F6R','RET_UV935',''
'NOTE_J0TY','RET_R2K1D',''
'NOTE_IMFF','RET_8ONM1',''
'NOTE_Z3IB','RET_5DV2V',''
'NOTE_X2X4','RET_H3A34',''
'NOTE_SA2U','RET_HBRV3','Eight indicate research memory anything smile bit building.'
'NOTE_CE3W','RET_RDC6T','Spend imagine security heavy blue claim back.'
'NOTE_DUNE','RET_NWY4W','Camera including parent which according word already.'
'NOTE_0WRQ','RET_18DH0','Budget issue choose reality heavy.'
'NOTE_L6P2','RET_HZYY8','Level available night resource into.'
'NOTE_7PEX','RET_SCEFV',''
'NOTE_8AIR','RET_D3MCH','Human traditional clearly tree industry.'
'NOTE_2N6A','RET_JW8ER','Effect nor ask they soldier situation between.'
'NOTE_D4KQ','RET_V8B3Q',''
'NOTE_8K4J','RET_BVGPB','Medical morning tax appear.'
'NOTE_7IZ1','RET_Y197G',''
'NOTE_MZHW','RET_L3SF6','Animal risk position focus.'
'NOTE_O50J','RET_YY17P',''
'NOTE_KPRQ','RET_HBQL6','Find position end letter during happen market loss.'
'NOTE_IYFN','RET_OJDV0',''
'NOTE_UPG1','RET_QZPFK','Usually industry most page together.'
'NOTE_GVHW','RET_UVD4H',''
'NOTE_EG07','RET_86F9G','Cover behind nearly land direction against add.'
'NOTE_CGGE','RET_OR6BK',''
'NOTE_VEUD','RET_2FUNC','Themselves together child star all statement.'
'NOTE_5SOD','RET_BI62A','Last simply cell knowledge.'
'NOTE_FJ0U','RET_8W3QI','Training statement close would high remain even difficult.'
'NOTE_LWK8','RET_1QKYN','We represent just while place hold.'
'NOTE_PCNR','RET_792PB','Interesting course game and speak.'
'NOTE_Y0Z9','RET_8LE50',''
'NOTE_9678','RET_TWPLU',''
'NOTE_RXJ9','RET_V1SPN',''
'NOTE_IF7P','RET_ZZHI0','Seven though respond expect fish resource eat.'
'NOTE_X2VC','RET_M46WJ',''
'NOTE_YR91','RET_KYBO9',''
'NOTE_Y5CG','RET_B70RM','Chance cultural special civil method personal fine.'
'NOTE_J7UF','RET_BCK5H','Unit fight direction whether cost.'
'NOTE_ZSLX','RET_DBVPD','Yet suffer at.'
'NOTE_GPGT','RET_2R6DZ','Participant course simply other.'
'NOTE_WTVP','RET_S933E','Hair week pretty PM people north.'
'NOTE_4CIE','RET_GJI9I','Future power anything whom our almost young.'
'NOTE_HOLN','RET_3GOWQ',''
'NOTE_M2UY','RET_F0KS0','Resource usually teacher ask identify wonder still.'
'NOTE_X9KY','RET_CLNWU',''
'NOTE_TEIT','RET_E8PKW',''
'NOTE_50DI','RET_MM354','Sometimes direction bill fact receive.'
'NOTE_3B45','RET_NYZXL',''
'NOTE_TSPH','RET_GCS2L','Check organization sometimes cup attorney dinner.'
'NOTE_M789','RET_YP686','Hard want ahead common nature medical possible size.'
'NOTE_JF91','RET_X6OL6','With phone make young.'
'NOTE_QE3O','RET_M1HYV','Hard short fine Democrat speak woman true.'
'NOTE_81XP','RET_O1Q0Z',''
'NOTE_L6LO','RET_OQ3Z9','Maybe find yard maintain wear free project.'
'NOTE_YDYZ','RET_CWB3U','Watch local before common doctor.'
'NOTE_TZY4','RET_AK3U4','Edge outside win sea road.'
'NOTE_VAX0','RET_6IFDL',''
'NOTE_4UYE','RET_FLPPQ',''
'NOTE_5VL2','RET_E837B',''
'NOTE_H5HB','RET_GDN3Y',''
'NOTE_33UE','RET_396OE',''
'NOTE_PJL3','RET_EBXAE','State field Congress water particular past east.'
'NOTE_LTFY','RET_BGB79',''
'NOTE_7X7B','RET_3QGEZ','Daughter fine interview back.'
'NOTE_796E','RET_V9VB9','Fine doctor something good nor.'
'NOTE_HJY1','RET_RF0KT',''
'NOTE_N32H','RET_37CT3','Learn high long next of consumer system.'
'NOTE_H3XK','RET_XM0UI',''
'NOTE_FF98','RET_RBIZ0',''
'NOTE_4FD0','RET_MHZMU','Option develop create meeting read dark present lot.'
'NOTE_SZDB','RET_JX0JM','Expect word some.'
'NOTE_HW9G','RET_04MR9','Son friend buy half voice.'
'NOTE_OWCQ','RET_42BD7',''
'NOTE_PHLF','RET_V5QSG','Thousand send red allow keep deep.'
'NOTE_P86O','RET_9CQNS','Smile minute source.'
'NOTE_KCEA','RET_FAM9K',''
'NOTE_FMNL','RET_RCDS3',''
'NOTE_OO3N','RET_YMW98','Family difficult down natural.'
'NOTE_FOGT','RET_WIVQ1',''
'NOTE_JHQK','RET_SQMT0',''
'NOTE_XFMC','RET_LQOIB','Keep continue may light view ask situation.'
'NOTE_JG2A','RET_7WHW5','Until appear player.'
'NOTE_CNVS','RET_CSOEZ','By however student character education including.'
'NOTE_399P','RET_M1O2T',''
'NOTE_5WNV','RET_GXPYM',''
'NOTE_DIP1','RET_RQEBP',''
'NOTE_DAHX','RET_B8M0V','Base continue question data state.'
'NOTE_RC0L','RET_AY0VL',''
'NOTE_G8RR','RET_NESTN','Less action suffer return turn.'
'NOTE_LO5V','RET_8R07I','Her security director same event produce.'
'NOTE_1NOX','RET_WD6U0',''
'NOTE_8V51','RET_L1BQN','Agreement while prove hospital ok when soon.'
'NOTE_8K6J','RET_HO741',''
'NOTE_LEZ8','RET_ABKAK','Doctor present defense election decision stage.'
'NOTE_LEHG','RET_9G5CU','Radio culture network population notice different.'
'NOTE_SDXD','RET_TQKS8',''
'NOTE_SRL9','RET_VJZOF',''
'NOTE_PRSC','RET_MX3ND','Reality picture pay at ground cup table.'
'NOTE_8N2E','RET_S7Q6S','Evening training resource former office million off responsibility.'
'NOTE_WVJG','RET_AQVF1','Official try need believe evening ok scientist.'
'NOTE_AF6Y','RET_91QCG',''
'NOTE_EGZ7','RET_34NRC','Over from company lay wind.'
'NOTE_GW2D','RET_TFXNJ',''
'NOTE_AZ3L','RET_QY6G1',''
'NOTE_7J0E','RET_ERQCH','Choice former yard.'
'NOTE_24O3','RET_94RAF','Charge room clear fact full protect.'
'NOTE_Y1RY','RET_XQ63F','Year physical recent political Mr produce number.'
'NOTE_A3UE','RET_JCHYY',''
'NOTE_ZAJR','RET_RXTYW',''
'NOTE_DP7O','RET_ITNA6','Drop both hour state common partner shake appear.'
'NOTE_OI5E','RET_EFZEP',''
'NOTE_B57J','RET_81N0J',''
'NOTE_UZ3M','RET_38ZI8',''
'NOTE_DJDZ','RET_5OR9L',''
'NOTE_AVYO','RET_QMPCN',''
'NOTE_R2O9','RET_5FG03',''
'NOTE_25JJ','RET_OGTGZ',''
'NOTE_I6YJ','RET_M37T3','Agree career board relationship growth.'
'NOTE_3GZC','RET_ZZL6V',''
'NOTE_6HY2','RET_YOWP8',''
'NOTE_I005','RET_O151M','Authority country head parent.'
'NOTE_Y7TL','RET_O65QY','Particular become present present.'
'NOTE_MQ6P','RET_3X7KM','Threat note threat claim.'
'NOTE_KDU8','RET_L7ZS8',''
'NOTE_1XKZ','RET_QZP95','Morning compare figure director up art.'
'NOTE_C678','RET_ZNUMK',''
'NOTE_R25L','RET_02Q4Q',''
'NOTE_NIXX','RET_XGCW0',''
'NOTE_C7SR','RET_QVIX7','Join campaign idea environment upon.'
'NOTE_JACA','RET_CFDE6',''
'NOTE_N52W','RET_99HU9','Near fear may.'
'NOTE_4AJG','RET_IOU54','Land create off director he.'
'NOTE_2FWT','RET_98Z2G',''
'NOTE_RQBX','RET_3I4OR','That paper behind system.'
'NOTE_RBUS','RET_M0LKM','Attention among actually.'
'NOTE_0NQU','RET_RNE17',''
'NOTE_D9TT','RET_WIMEA',''
'NOTE_843Z','RET_KR4G6','Strategy through street forward performance.'
'NOTE_PFCN','RET_I6DI7',''
'NOTE_681R','RET_DGEQZ','Decision will hand step share.'
'NOTE_JX1H','RET_CC141',''
'NOTE_1AM1','RET_WXI30',''
'NOTE_24YK','RET_1C39H',''
'NOTE_650G','RET_NF4FO',''
'NOTE_U0MB','RET_SFDQQ',''
'NOTE_JNOZ','RET_XHXSK','Opportunity reach American and win.'
'NOTE_P1LI','RET_AC6KS',''
'NOTE_AZD7','RET_AFLWW','Woman tree president large begin peace you.'
'NOTE_O4GS','RET_YDEHD','Challenge ten admit job price of.'
'NOTE_ZDTH','RET_6YSVJ',''
